条件,seed,n,自救率,救援率,受困率,死亡率,死亡人数,撤离中位时间_min
0%,20241001,240,0.292,0.708,0.0,0.0,0,13.5
0%,20241002,240,0.283,0.717,0.0,0.0,0,13.59
0%,20241003,240,0.287,0.713,0.0,0.0,0,13.5
25%,20241001,240,0.338,0.662,0.0,0.0,0,13.5
25%,20241002,240,0.317,0.683,0.0,0.0,0,13.5
25%,20241003,240,0.371,0.629,0.0,0.0,0,13.5
50%,20241001,240,0.338,0.662,0.0,0.0,0,13.5
50%,20241002,240,0.317,0.683,0.0,0.0,0,13.5
50%,20241003,240,0.371,0.629,0.0,0.0,0,13.5
75%,20241001,240,0.338,0.662,0.0,0.0,0,12.83
75%,20241002,240,0.317,0.683,0.0,0.0,0,13.0
75%,20241003,240,0.371,0.629,0.0,0.0,0,13.5
100%,20241001,240,0.338,0.662,0.0,0.0,0,12.83
100%,20241002,240,0.317,0.683,0.0,0.0,0,12.91
100%,20241003,240,0.371,0.629,0.0,0.0,0,13.0
