cid,n,severity,llm_evac_rate,llm_rescue_dep,llm_deceased,elapsed_s
EXP-022,60,0.78,1.0,0.0,0,35.5
EXP-062,140,0.793,1.0,0.0,0,31.7
EXP-091,240,0.827,1.0,0.0,0,119.6
EXP-032,60,1.327,1.0,0.0,0,6.8
EXP-005,240,1.42,1.0,0.0,0,52.0
EXP-027,240,1.893,1.0,0.0,0,29.2
EXP-054,60,1.92,1.0,0.0,0,2.1
EXP-052,60,2.007,1.0,0.0,0,0.8
EXP-074,60,2.147,1.0,0.0,0,8.7
EXP-001,140,2.547,0.986,0.014285714285714285,0,2.1
EXP-059,140,2.627,1.0,0.0,0,15.4
EXP-096,240,2.647,0.883,0.11666666666666667,0,18.2
EXP-068,240,3.227,1.0,0.0,0,4.0
EXP-016,140,3.32,1.0,0.0,0,25.5
EXP-002,140,3.88,1.0,0.0,0,3.5
EXP-095,240,3.98,0.938,0.0625,0,37.1
