cid,n,severity,qw_evac_rate,qw_rescue_dep,qw_deceased,elapsed_s
EXP-022,60,0.78,1.0,0.0,0,393.7
EXP-062,140,0.793,1.0,0.0,0,594.2
EXP-091,240,0.827,0.975,0.025,0,551.9
EXP-032,60,1.327,0.917,0.08333333333333333,0,524.3
EXP-005,240,1.42,0.975,0.025,0,374.1
EXP-027,240,1.893,0.996,0.004166666666666667,0,898.8
EXP-054,60,1.92,1.0,0.0,0,73.3
EXP-052,60,2.007,1.0,0.0,0,14.0
EXP-074,60,2.147,1.0,0.0,0,106.3
EXP-001,140,2.547,0.871,0.12857142857142856,0,290.5
EXP-059,140,2.627,1.0,0.0,0,352.4
EXP-096,240,2.647,0.637,0.3625,0,298.0
EXP-068,240,3.227,0.996,0.004166666666666667,0,80.6
EXP-016,140,3.32,1.0,0.0,0,279.8
EXP-002,140,3.88,0.936,0.06428571428571428,0,244.5
EXP-095,240,3.98,0.767,0.23333333333333334,0,389.1
