cid,seed,n,evacuated,rescued,stranded,deceased,survive_rate,evac_rate,mean_exposure_s
EXP-001,20240923,140,78,62,0,0,1.0,0.557,2527.8
EXP-001,20240924,140,81,59,0,0,1.0,0.579,2509.5
EXP-001,20240925,140,73,67,0,0,1.0,0.521,2537.9
EXP-001,20240926,140,84,56,0,0,1.0,0.6,2551.4
EXP-001,20240927,140,76,64,0,0,1.0,0.543,2540.1
EXP-001,20240928,140,72,68,0,0,1.0,0.514,2570.1
EXP-001,20240929,140,82,58,0,0,1.0,0.586,2556.4
EXP-001,20240930,140,81,59,0,0,1.0,0.579,2550.6
EXP-001,20240931,140,85,55,0,0,1.0,0.607,2514.6
EXP-001,20240932,140,84,56,0,0,1.0,0.6,2550.8
EXP-001,20240933,140,77,63,0,0,1.0,0.55,2519.1
EXP-001,20240934,140,79,61,0,0,1.0,0.564,2519.9
EXP-001,20240935,140,84,56,0,0,1.0,0.6,2542.1
EXP-001,20240936,140,74,66,0,0,1.0,0.529,2532.8
EXP-001,20240937,140,86,54,0,0,1.0,0.614,2521.1
EXP-001,20240938,140,90,50,0,0,1.0,0.643,2522.2
EXP-001,20240939,140,78,62,0,0,1.0,0.557,2521.8
EXP-001,20240940,140,80,60,0,0,1.0,0.571,2549.1
EXP-001,20240941,140,79,61,0,0,1.0,0.564,2551.1
EXP-001,20240942,140,76,64,0,0,1.0,0.543,2552.7
EXP-002,20240923,140,74,66,0,0,1.0,0.529,2111.6
EXP-002,20240924,140,74,66,0,0,1.0,0.529,1584.6
EXP-002,20240925,140,74,66,0,0,1.0,0.529,2109.1
EXP-002,20240926,140,81,59,0,0,1.0,0.579,1849.7
EXP-002,20240927,140,69,71,0,0,1.0,0.493,2157.5
EXP-002,20240928,140,77,63,0,0,1.0,0.55,2582.1
EXP-002,20240929,140,82,58,0,0,1.0,0.586,1853.8
EXP-002,20240930,140,78,62,0,0,1.0,0.557,1962.4
EXP-002,20240931,140,80,60,0,0,1.0,0.571,1759.1
EXP-002,20240932,140,87,53,0,0,1.0,0.621,1786.8
EXP-002,20240933,140,71,69,0,0,1.0,0.507,2050.5
EXP-002,20240934,140,76,64,0,0,1.0,0.543,1879.9
EXP-002,20240935,140,78,62,0,0,1.0,0.557,1780.6
EXP-002,20240936,140,72,68,0,0,1.0,0.514,2228.9
EXP-002,20240937,140,81,59,0,0,1.0,0.579,1661.7
EXP-002,20240938,140,85,55,0,0,1.0,0.607,1384.9
EXP-002,20240939,140,73,67,0,0,1.0,0.521,2098.8
EXP-002,20240940,140,79,61,0,0,1.0,0.564,1739.5
EXP-002,20240941,140,79,61,0,0,1.0,0.564,1784.5
EXP-002,20240942,140,77,63,0,0,1.0,0.55,2067.4
EXP-003,20240923,140,140,0,0,0,1.0,1.0,868.6
EXP-003,20240924,140,140,0,0,0,1.0,1.0,783.2
EXP-003,20240925,140,140,0,0,0,1.0,1.0,804.2
EXP-003,20240926,140,140,0,0,0,1.0,1.0,825.7
EXP-003,20240927,140,140,0,0,0,1.0,1.0,842.6
EXP-003,20240928,140,140,0,0,0,1.0,1.0,834.4
EXP-003,20240929,140,140,0,0,0,1.0,1.0,840.5
EXP-003,20240930,140,140,0,0,0,1.0,1.0,860.8
EXP-003,20240931,140,140,0,0,0,1.0,1.0,799.2
EXP-003,20240932,140,140,0,0,0,1.0,1.0,824.1
EXP-003,20240933,140,140,0,0,0,1.0,1.0,821.9
EXP-003,20240934,140,140,0,0,0,1.0,1.0,772.7
EXP-003,20240935,140,140,0,0,0,1.0,1.0,832.6
EXP-003,20240936,140,140,0,0,0,1.0,1.0,796.1
EXP-003,20240937,140,140,0,0,0,1.0,1.0,748.9
EXP-003,20240938,140,140,0,0,0,1.0,1.0,787.2
EXP-003,20240939,140,140,0,0,0,1.0,1.0,826.4
EXP-003,20240940,140,140,0,0,0,1.0,1.0,849.0
EXP-003,20240941,140,140,0,0,0,1.0,1.0,840.4
EXP-003,20240942,140,140,0,0,0,1.0,1.0,814.5
EXP-004,20240923,240,240,0,0,0,1.0,1.0,1400.8
EXP-004,20240924,240,240,0,0,0,1.0,1.0,1148.6
EXP-004,20240925,240,240,0,0,0,1.0,1.0,1206.2
EXP-004,20240926,240,240,0,0,0,1.0,1.0,1374.0
EXP-004,20240927,240,240,0,0,0,1.0,1.0,1220.0
EXP-004,20240928,240,240,0,0,0,1.0,1.0,1191.1
EXP-004,20240929,240,240,0,0,0,1.0,1.0,1392.1
EXP-004,20240930,240,240,0,0,0,1.0,1.0,1219.2
EXP-004,20240931,240,240,0,0,0,1.0,1.0,1172.6
EXP-004,20240932,240,240,0,0,0,1.0,1.0,1218.7
EXP-004,20240933,240,240,0,0,0,1.0,1.0,1161.0
EXP-004,20240934,240,240,0,0,0,1.0,1.0,1356.8
EXP-004,20240935,240,240,0,0,0,1.0,1.0,1165.2
EXP-004,20240936,240,240,0,0,0,1.0,1.0,1184.1
EXP-004,20240937,240,240,0,0,0,1.0,1.0,1175.6
EXP-004,20240938,240,240,0,0,0,1.0,1.0,1163.8
EXP-004,20240939,240,240,0,0,0,1.0,1.0,1190.5
EXP-004,20240940,240,240,0,0,0,1.0,1.0,1202.5
EXP-004,20240941,240,240,0,0,0,1.0,1.0,1371.7
EXP-004,20240942,240,240,0,0,0,1.0,1.0,1238.1
EXP-005,20240923,240,234,6,0,0,1.0,0.975,677.2
EXP-005,20240924,240,234,6,0,0,1.0,0.975,651.3
EXP-005,20240925,240,234,6,0,0,1.0,0.975,691.5
EXP-005,20240926,240,234,6,0,0,1.0,0.975,659.4
EXP-005,20240927,240,232,8,0,0,1.0,0.967,936.2
EXP-005,20240928,240,234,6,0,0,1.0,0.975,700.2
EXP-005,20240929,240,234,6,0,0,1.0,0.975,658.6
EXP-005,20240930,240,234,6,0,0,1.0,0.975,686.0
EXP-005,20240931,240,234,6,0,0,1.0,0.975,643.2
EXP-005,20240932,240,234,6,0,0,1.0,0.975,687.9
EXP-005,20240933,240,234,6,0,0,1.0,0.975,666.3
EXP-005,20240934,240,234,6,0,0,1.0,0.975,648.1
EXP-005,20240935,240,234,6,0,0,1.0,0.975,655.3
EXP-005,20240936,240,234,6,0,0,1.0,0.975,679.0
EXP-005,20240937,240,234,6,0,0,1.0,0.975,643.8
EXP-005,20240938,240,234,6,0,0,1.0,0.975,661.2
EXP-005,20240939,240,228,12,0,0,1.0,0.95,1052.0
EXP-005,20240940,240,234,6,0,0,1.0,0.975,694.6
EXP-005,20240941,240,234,6,0,0,1.0,0.975,653.3
EXP-005,20240942,240,234,6,0,0,1.0,0.975,699.3
EXP-006,20240923,60,56,4,0,0,1.0,0.933,1403.3
EXP-006,20240924,60,56,4,0,0,1.0,0.933,1134.7
EXP-006,20240925,60,56,4,0,0,1.0,0.933,1368.0
EXP-006,20240926,60,57,3,0,0,1.0,0.95,1450.7
EXP-006,20240927,60,57,3,0,0,1.0,0.95,1402.5
EXP-006,20240928,60,57,3,0,0,1.0,0.95,1160.3
EXP-006,20240929,60,55,5,0,0,1.0,0.917,1381.0
EXP-006,20240930,60,57,3,0,0,1.0,0.95,1425.7
EXP-006,20240931,60,53,7,0,0,1.0,0.883,1229.0
EXP-006,20240932,60,59,1,0,0,1.0,0.983,1241.8
EXP-006,20240933,60,56,4,0,0,1.0,0.933,1157.7
EXP-006,20240934,60,53,7,0,0,1.0,0.883,1346.0
EXP-006,20240935,60,60,0,0,0,1.0,1.0,1242.3
EXP-006,20240936,60,56,4,0,0,1.0,0.933,1153.0
EXP-006,20240937,60,54,6,0,0,1.0,0.9,1344.7
EXP-006,20240938,60,57,3,0,0,1.0,0.95,1216.3
EXP-006,20240939,60,53,7,0,0,1.0,0.883,1063.8
EXP-006,20240940,60,57,3,0,0,1.0,0.95,1185.0
EXP-006,20240941,60,55,5,0,0,1.0,0.917,1354.8
EXP-006,20240942,60,56,4,0,0,1.0,0.933,1136.0
EXP-007,20240923,140,50,90,0,0,1.0,0.357,4987.2
EXP-007,20240924,140,47,93,0,0,1.0,0.336,4740.4
EXP-007,20240925,140,47,93,0,0,1.0,0.336,5109.9
EXP-007,20240926,140,54,86,0,0,1.0,0.386,4766.7
EXP-007,20240927,140,40,100,0,0,1.0,0.286,5325.7
EXP-007,20240928,140,46,94,0,0,1.0,0.329,5114.7
EXP-007,20240929,140,57,83,0,0,1.0,0.407,4713.9
EXP-007,20240930,140,52,88,0,0,1.0,0.371,5003.5
EXP-007,20240931,140,49,91,0,0,1.0,0.35,4456.9
EXP-007,20240932,140,56,84,0,0,1.0,0.4,4484.4
EXP-007,20240933,140,44,96,0,0,1.0,0.314,5033.1
EXP-007,20240934,140,51,89,0,0,1.0,0.364,4751.2
EXP-007,20240935,140,47,93,0,0,1.0,0.336,4875.6
EXP-007,20240936,140,44,96,0,0,1.0,0.314,5097.9
EXP-007,20240937,140,56,84,0,0,1.0,0.4,4525.4
EXP-007,20240938,140,56,84,0,0,1.0,0.4,4237.0
EXP-007,20240939,140,43,97,0,0,1.0,0.307,5039.9
EXP-007,20240940,140,49,91,0,0,1.0,0.35,4879.1
EXP-007,20240941,140,52,88,0,0,1.0,0.371,4821.4
EXP-007,20240942,140,47,93,0,0,1.0,0.336,4991.6
EXP-008,20240923,60,54,6,0,0,1.0,0.9,442.8
EXP-008,20240924,60,54,6,0,0,1.0,0.9,456.3
EXP-008,20240925,60,54,6,0,0,1.0,0.9,441.0
EXP-008,20240926,60,54,6,0,0,1.0,0.9,457.3
EXP-008,20240927,60,54,6,0,0,1.0,0.9,467.2
EXP-008,20240928,60,54,6,0,0,1.0,0.9,462.5
EXP-008,20240929,60,54,6,0,0,1.0,0.9,432.5
EXP-008,20240930,60,54,6,0,0,1.0,0.9,451.2
EXP-008,20240931,60,54,6,0,0,1.0,0.9,434.3
EXP-008,20240932,60,54,6,0,0,1.0,0.9,466.2
EXP-008,20240933,60,54,6,0,0,1.0,0.9,454.0
EXP-008,20240934,60,55,5,0,0,1.0,0.917,403.3
EXP-008,20240935,60,54,6,0,0,1.0,0.9,479.8
EXP-008,20240936,60,54,6,0,0,1.0,0.9,445.3
EXP-008,20240937,60,57,3,0,0,1.0,0.95,365.3
EXP-008,20240938,60,57,3,0,0,1.0,0.95,384.8
EXP-008,20240939,60,54,6,0,0,1.0,0.9,435.7
EXP-008,20240940,60,54,6,0,0,1.0,0.9,449.3
EXP-008,20240941,60,54,6,0,0,1.0,0.9,433.3
EXP-008,20240942,60,54,6,0,0,1.0,0.9,447.2
EXP-009,20240923,60,56,4,0,0,1.0,0.933,2703.2
EXP-009,20240924,60,50,10,0,0,1.0,0.833,3038.0
EXP-009,20240925,60,50,10,0,0,1.0,0.833,2992.7
EXP-009,20240926,60,57,3,0,0,1.0,0.95,2723.8
EXP-009,20240927,60,51,9,0,0,1.0,0.85,3068.8
EXP-009,20240928,60,51,9,0,0,1.0,0.85,3044.0
EXP-009,20240929,60,55,5,0,0,1.0,0.917,2655.7
EXP-009,20240930,60,57,3,0,0,1.0,0.95,2857.2
EXP-009,20240931,60,48,12,0,0,1.0,0.8,2947.0
EXP-009,20240932,60,53,7,0,0,1.0,0.883,3127.8
EXP-009,20240933,60,50,10,0,0,1.0,0.833,3049.3
EXP-009,20240934,60,53,7,0,0,1.0,0.883,2978.0
EXP-009,20240935,60,54,6,0,0,1.0,0.9,3197.3
EXP-009,20240936,60,50,10,0,0,1.0,0.833,3037.8
EXP-009,20240937,60,48,12,0,0,1.0,0.8,3045.2
EXP-009,20240938,60,51,9,0,0,1.0,0.85,3201.0
EXP-009,20240939,60,47,13,0,0,1.0,0.783,2906.2
EXP-009,20240940,60,51,9,0,0,1.0,0.85,3052.0
EXP-009,20240941,60,55,5,0,0,1.0,0.917,2795.0
EXP-009,20240942,60,50,10,0,0,1.0,0.833,3019.8
EXP-010,20240923,60,60,0,0,0,1.0,1.0,305.5
EXP-010,20240924,60,60,0,0,0,1.0,1.0,286.0
EXP-010,20240925,60,60,0,0,0,1.0,1.0,309.0
EXP-010,20240926,60,60,0,0,0,1.0,1.0,304.8
EXP-010,20240927,60,60,0,0,0,1.0,1.0,291.2
EXP-010,20240928,60,60,0,0,0,1.0,1.0,303.7
EXP-010,20240929,60,60,0,0,0,1.0,1.0,312.0
EXP-010,20240930,60,60,0,0,0,1.0,1.0,308.2
EXP-010,20240931,60,60,0,0,0,1.0,1.0,290.2
EXP-010,20240932,60,60,0,0,0,1.0,1.0,329.5
EXP-010,20240933,60,60,0,0,0,1.0,1.0,291.3
EXP-010,20240934,60,60,0,0,0,1.0,1.0,299.2
EXP-010,20240935,60,60,0,0,0,1.0,1.0,319.3
EXP-010,20240936,60,60,0,0,0,1.0,1.0,299.0
EXP-010,20240937,60,60,0,0,0,1.0,1.0,311.7
EXP-010,20240938,60,60,0,0,0,1.0,1.0,330.2
EXP-010,20240939,60,60,0,0,0,1.0,1.0,264.3
EXP-010,20240940,60,60,0,0,0,1.0,1.0,311.0
EXP-010,20240941,60,60,0,0,0,1.0,1.0,305.2
EXP-010,20240942,60,60,0,0,0,1.0,1.0,298.3
EXP-011,20240923,240,234,6,0,0,1.0,0.975,649.5
EXP-011,20240924,240,236,4,0,0,1.0,0.983,604.2
EXP-011,20240925,240,234,6,0,0,1.0,0.975,664.5
EXP-011,20240926,240,240,0,0,0,1.0,1.0,574.0
EXP-011,20240927,240,234,6,0,0,1.0,0.975,711.1
EXP-011,20240928,240,234,6,0,0,1.0,0.975,679.2
EXP-011,20240929,240,240,0,0,0,1.0,1.0,574.2
EXP-011,20240930,240,235,5,0,0,1.0,0.979,646.6
EXP-011,20240931,240,240,0,0,0,1.0,1.0,557.1
EXP-011,20240932,240,235,5,0,0,1.0,0.979,648.5
EXP-011,20240933,240,234,6,0,0,1.0,0.975,639.1
EXP-011,20240934,240,240,0,0,0,1.0,1.0,562.0
EXP-011,20240935,240,237,3,0,0,1.0,0.988,599.0
EXP-011,20240936,240,234,6,0,0,1.0,0.975,652.5
EXP-011,20240937,240,240,0,0,0,1.0,1.0,556.7
EXP-011,20240938,240,237,3,0,0,1.0,0.988,604.6
EXP-011,20240939,240,234,6,0,0,1.0,0.975,715.9
EXP-011,20240940,240,234,6,0,0,1.0,0.975,669.8
EXP-011,20240941,240,239,1,0,0,1.0,0.996,579.0
EXP-011,20240942,240,234,6,0,0,1.0,0.975,671.9
EXP-012,20240923,60,59,1,0,0,1.0,0.983,1228.5
EXP-012,20240924,60,60,0,0,0,1.0,1.0,889.5
EXP-012,20240925,60,60,0,0,0,1.0,1.0,905.3
EXP-012,20240926,60,60,0,0,0,1.0,1.0,1098.7
EXP-012,20240927,60,60,0,0,0,1.0,1.0,913.2
EXP-012,20240928,60,60,0,0,0,1.0,1.0,928.2
EXP-012,20240929,60,60,0,0,0,1.0,1.0,1065.5
EXP-012,20240930,60,60,0,0,0,1.0,1.0,1122.8
EXP-012,20240931,60,60,0,0,0,1.0,1.0,879.7
EXP-012,20240932,60,60,0,0,0,1.0,1.0,979.0
EXP-012,20240933,60,60,0,0,0,1.0,1.0,915.2
EXP-012,20240934,60,60,0,0,0,1.0,1.0,1015.5
EXP-012,20240935,60,60,0,0,0,1.0,1.0,978.3
EXP-012,20240936,60,60,0,0,0,1.0,1.0,922.7
EXP-012,20240937,60,60,0,0,0,1.0,1.0,1039.5
EXP-012,20240938,60,60,0,0,0,1.0,1.0,951.0
EXP-012,20240939,60,60,0,0,0,1.0,1.0,844.5
EXP-012,20240940,60,60,0,0,0,1.0,1.0,937.0
EXP-012,20240941,60,60,0,0,0,1.0,1.0,1050.5
EXP-012,20240942,60,60,0,0,0,1.0,1.0,903.8
EXP-013,20240923,60,60,0,0,0,1.0,1.0,309.0
EXP-013,20240924,60,60,0,0,0,1.0,1.0,284.7
EXP-013,20240925,60,60,0,0,0,1.0,1.0,311.7
EXP-013,20240926,60,60,0,0,0,1.0,1.0,307.0
EXP-013,20240927,60,60,0,0,0,1.0,1.0,291.2
EXP-013,20240928,60,60,0,0,0,1.0,1.0,303.7
EXP-013,20240929,60,60,0,0,0,1.0,1.0,308.0
EXP-013,20240930,60,60,0,0,0,1.0,1.0,306.0
EXP-013,20240931,60,60,0,0,0,1.0,1.0,288.0
EXP-013,20240932,60,60,0,0,0,1.0,1.0,328.2
EXP-013,20240933,60,60,0,0,0,1.0,1.0,293.5
EXP-013,20240934,60,60,0,0,0,1.0,1.0,299.2
EXP-013,20240935,60,60,0,0,0,1.0,1.0,321.5
EXP-013,20240936,60,60,0,0,0,1.0,1.0,301.2
EXP-013,20240937,60,60,0,0,0,1.0,1.0,312.0
EXP-013,20240938,60,60,0,0,0,1.0,1.0,330.5
EXP-013,20240939,60,60,0,0,0,1.0,1.0,264.3
EXP-013,20240940,60,60,0,0,0,1.0,1.0,308.8
EXP-013,20240941,60,60,0,0,0,1.0,1.0,307.7
EXP-013,20240942,60,60,0,0,0,1.0,1.0,298.3
EXP-014,20240923,140,129,11,0,0,1.0,0.921,1673.4
EXP-014,20240924,140,119,21,0,0,1.0,0.85,1813.2
EXP-014,20240925,140,125,15,0,0,1.0,0.893,1877.1
EXP-014,20240926,140,126,14,0,0,1.0,0.9,1899.6
EXP-014,20240927,140,124,16,0,0,1.0,0.886,1876.5
EXP-014,20240928,140,128,12,0,0,1.0,0.914,1803.5
EXP-014,20240929,140,126,14,0,0,1.0,0.9,1907.5
EXP-014,20240930,140,127,13,0,0,1.0,0.907,1923.6
EXP-014,20240931,140,120,20,0,0,1.0,0.857,1827.0
EXP-014,20240932,140,127,13,0,0,1.0,0.907,1910.1
EXP-014,20240933,140,121,19,0,0,1.0,0.864,1840.1
EXP-014,20240934,140,121,19,0,0,1.0,0.864,1694.9
EXP-014,20240935,140,125,15,0,0,1.0,0.893,1894.9
EXP-014,20240936,140,123,17,0,0,1.0,0.879,1780.7
EXP-014,20240937,140,122,18,0,0,1.0,0.871,1735.7
EXP-014,20240938,140,121,19,0,0,1.0,0.864,1854.1
EXP-014,20240939,140,123,17,0,0,1.0,0.879,1867.7
EXP-014,20240940,140,126,14,0,0,1.0,0.9,1902.4
EXP-014,20240941,140,125,15,0,0,1.0,0.893,1895.6
EXP-014,20240942,140,126,14,0,0,1.0,0.9,1813.0
EXP-015,20240923,240,234,6,0,0,1.0,0.975,2649.4
EXP-015,20240924,240,234,6,0,0,1.0,0.975,2573.6
EXP-015,20240925,240,234,6,0,0,1.0,0.975,2694.2
EXP-015,20240926,240,234,6,0,0,1.0,0.975,2625.3
EXP-015,20240927,240,234,6,0,0,1.0,0.975,2766.2
EXP-015,20240928,240,234,6,0,0,1.0,0.975,2695.5
EXP-015,20240929,240,234,6,0,0,1.0,0.975,2618.2
EXP-015,20240930,240,234,6,0,0,1.0,0.975,2690.8
EXP-015,20240931,240,234,6,0,0,1.0,0.975,2569.8
EXP-015,20240932,240,234,6,0,0,1.0,0.975,2700.3
EXP-015,20240933,240,234,6,0,0,1.0,0.975,2608.7
EXP-015,20240934,240,234,6,0,0,1.0,0.975,2582.3
EXP-015,20240935,240,234,6,0,0,1.0,0.975,2591.2
EXP-015,20240936,240,234,6,0,0,1.0,0.975,2652.5
EXP-015,20240937,240,234,6,0,0,1.0,0.975,2576.7
EXP-015,20240938,240,234,6,0,0,1.0,0.975,2611.3
EXP-015,20240939,240,234,6,0,0,1.0,0.975,2741.5
EXP-015,20240940,240,234,6,0,0,1.0,0.975,2700.4
EXP-015,20240941,240,234,6,0,0,1.0,0.975,2593.0
EXP-015,20240942,240,234,6,0,0,1.0,0.975,2723.8
EXP-016,20240923,140,50,90,0,0,1.0,0.357,1779.4
EXP-016,20240924,140,47,93,0,0,1.0,0.336,1433.6
EXP-016,20240925,140,47,93,0,0,1.0,0.336,1897.9
EXP-016,20240926,140,54,86,0,0,1.0,0.386,1466.4
EXP-016,20240927,140,40,100,0,0,1.0,0.286,1735.6
EXP-016,20240928,140,46,94,0,0,1.0,0.329,2648.4
EXP-016,20240929,140,57,83,0,0,1.0,0.407,1582.6
EXP-016,20240930,140,52,88,0,0,1.0,0.371,1753.1
EXP-016,20240931,140,49,91,0,0,1.0,0.35,1834.1
EXP-016,20240932,140,56,84,0,0,1.0,0.4,1863.4
EXP-016,20240933,140,44,96,0,0,1.0,0.314,1386.0
EXP-016,20240934,140,51,89,0,0,1.0,0.364,1606.4
EXP-016,20240935,140,47,93,0,0,1.0,0.336,1518.6
EXP-016,20240936,140,44,96,0,0,1.0,0.314,1891.9
EXP-016,20240937,140,56,84,0,0,1.0,0.4,1374.4
EXP-016,20240938,140,56,84,0,0,1.0,0.4,1341.9
EXP-016,20240939,140,43,97,0,0,1.0,0.307,1958.8
EXP-016,20240940,140,49,91,0,0,1.0,0.35,1519.5
EXP-016,20240941,140,52,88,0,0,1.0,0.371,1632.7
EXP-016,20240942,140,47,93,0,0,1.0,0.336,1848.4
EXP-017,20240923,240,240,0,0,0,1.0,1.0,342.8
EXP-017,20240924,240,240,0,0,0,1.0,1.0,329.4
EXP-017,20240925,240,240,0,0,0,1.0,1.0,350.5
EXP-017,20240926,240,240,0,0,0,1.0,1.0,346.0
EXP-017,20240927,240,240,0,0,0,1.0,1.0,356.2
EXP-017,20240928,240,240,0,0,0,1.0,1.0,346.2
EXP-017,20240929,240,240,0,0,0,1.0,1.0,343.2
EXP-017,20240930,240,240,0,0,0,1.0,1.0,352.9
EXP-017,20240931,240,240,0,0,0,1.0,1.0,334.7
EXP-017,20240932,240,240,0,0,0,1.0,1.0,356.5
EXP-017,20240933,240,240,0,0,0,1.0,1.0,332.9
EXP-017,20240934,240,240,0,0,0,1.0,1.0,333.8
EXP-017,20240935,240,240,0,0,0,1.0,1.0,333.2
EXP-017,20240936,240,240,0,0,0,1.0,1.0,343.0
EXP-017,20240937,240,240,0,0,0,1.0,1.0,337.7
EXP-017,20240938,240,240,0,0,0,1.0,1.0,337.8
EXP-017,20240939,240,240,0,0,0,1.0,1.0,348.8
EXP-017,20240940,240,240,0,0,0,1.0,1.0,352.6
EXP-017,20240941,240,240,0,0,0,1.0,1.0,336.9
EXP-017,20240942,240,240,0,0,0,1.0,1.0,358.8
EXP-018,20240923,140,109,31,0,0,1.0,0.779,1447.4
EXP-018,20240924,140,140,0,0,0,1.0,1.0,939.4
EXP-018,20240925,140,140,0,0,0,1.0,1.0,982.9
EXP-018,20240926,140,119,21,0,0,1.0,0.85,1390.4
EXP-018,20240927,140,134,6,0,0,1.0,0.957,1290.6
EXP-018,20240928,140,136,4,0,0,1.0,0.971,1221.9
EXP-018,20240929,140,115,25,0,0,1.0,0.821,1452.5
EXP-018,20240930,140,140,0,0,0,1.0,1.0,1001.5
EXP-018,20240931,140,140,0,0,0,1.0,1.0,945.4
EXP-018,20240932,140,140,0,0,0,1.0,1.0,992.3
EXP-018,20240933,140,140,0,0,0,1.0,1.0,959.6
EXP-018,20240934,140,110,30,0,0,1.0,0.786,1377.3
EXP-018,20240935,140,140,0,0,0,1.0,1.0,993.7
EXP-018,20240936,140,139,1,0,0,1.0,0.993,1029.9
EXP-018,20240937,140,140,0,0,0,1.0,1.0,947.9
EXP-018,20240938,140,140,0,0,0,1.0,1.0,947.3
EXP-018,20240939,140,138,2,0,0,1.0,0.986,1078.6
EXP-018,20240940,140,140,0,0,0,1.0,1.0,1001.1
EXP-018,20240941,140,140,0,0,0,1.0,1.0,983.3
EXP-018,20240942,140,139,1,0,0,1.0,0.993,1053.1
EXP-019,20240923,140,61,79,0,0,1.0,0.436,1138.1
EXP-019,20240924,140,62,78,0,0,1.0,0.443,3638.9
EXP-019,20240925,140,56,84,0,0,1.0,0.4,4097.7
EXP-019,20240926,140,62,78,0,0,1.0,0.443,1119.0
EXP-019,20240927,140,50,90,0,0,1.0,0.357,4279.0
EXP-019,20240928,140,52,88,0,0,1.0,0.371,4456.3
EXP-019,20240929,140,65,75,0,0,1.0,0.464,1080.8
EXP-019,20240930,140,59,81,0,0,1.0,0.421,3953.9
EXP-019,20240931,140,63,77,0,0,1.0,0.45,3809.5
EXP-019,20240932,140,63,77,0,0,1.0,0.45,3725.4
EXP-019,20240933,140,57,83,0,0,1.0,0.407,4098.3
EXP-019,20240934,140,64,76,0,0,1.0,0.457,1096.6
EXP-019,20240935,140,56,84,0,0,1.0,0.4,4060.9
EXP-019,20240936,140,55,85,0,0,1.0,0.393,4332.6
EXP-019,20240937,140,68,72,0,0,1.0,0.486,3535.3
EXP-019,20240938,140,69,71,0,0,1.0,0.493,3541.8
EXP-019,20240939,140,54,86,0,0,1.0,0.386,4273.8
EXP-019,20240940,140,57,83,0,0,1.0,0.407,3890.3
EXP-019,20240941,140,61,79,0,0,1.0,0.436,3780.2
EXP-019,20240942,140,55,85,0,0,1.0,0.393,4274.8
EXP-020,20240923,240,240,0,0,0,1.0,1.0,1400.8
EXP-020,20240924,240,240,0,0,0,1.0,1.0,1148.6
EXP-020,20240925,240,240,0,0,0,1.0,1.0,1206.2
EXP-020,20240926,240,240,0,0,0,1.0,1.0,1374.0
EXP-020,20240927,240,240,0,0,0,1.0,1.0,1220.0
EXP-020,20240928,240,240,0,0,0,1.0,1.0,1191.1
EXP-020,20240929,240,240,0,0,0,1.0,1.0,1392.1
EXP-020,20240930,240,240,0,0,0,1.0,1.0,1219.2
EXP-020,20240931,240,240,0,0,0,1.0,1.0,1172.6
EXP-020,20240932,240,240,0,0,0,1.0,1.0,1218.7
EXP-020,20240933,240,240,0,0,0,1.0,1.0,1161.0
EXP-020,20240934,240,240,0,0,0,1.0,1.0,1356.8
EXP-020,20240935,240,240,0,0,0,1.0,1.0,1165.2
EXP-020,20240936,240,240,0,0,0,1.0,1.0,1184.1
EXP-020,20240937,240,240,0,0,0,1.0,1.0,1175.6
EXP-020,20240938,240,240,0,0,0,1.0,1.0,1163.8
EXP-020,20240939,240,240,0,0,0,1.0,1.0,1190.5
EXP-020,20240940,240,240,0,0,0,1.0,1.0,1202.5
EXP-020,20240941,240,240,0,0,0,1.0,1.0,1371.7
EXP-020,20240942,240,240,0,0,0,1.0,1.0,1238.1
EXP-021,20240923,140,50,90,0,0,1.0,0.357,2204.7
EXP-021,20240924,140,47,93,0,0,1.0,0.336,2007.7
EXP-021,20240925,140,47,93,0,0,1.0,0.336,2411.2
EXP-021,20240926,140,54,86,0,0,1.0,0.386,1644.4
EXP-021,20240927,140,40,100,0,0,1.0,0.286,2195.4
EXP-021,20240928,140,46,94,0,0,1.0,0.329,2656.0
EXP-021,20240929,140,57,83,0,0,1.0,0.407,1871.4
EXP-021,20240930,140,52,88,0,0,1.0,0.371,2153.1
EXP-021,20240931,140,49,91,0,0,1.0,0.35,2009.9
EXP-021,20240932,140,56,84,0,0,1.0,0.4,2095.7
EXP-021,20240933,140,44,96,0,0,1.0,0.314,1958.4
EXP-021,20240934,140,51,89,0,0,1.0,0.364,2118.9
EXP-021,20240935,140,47,93,0,0,1.0,0.336,1864.8
EXP-021,20240936,140,44,96,0,0,1.0,0.314,2248.1
EXP-021,20240937,140,56,84,0,0,1.0,0.4,1961.9
EXP-021,20240938,140,56,84,0,0,1.0,0.4,1799.6
EXP-021,20240939,140,43,97,0,0,1.0,0.307,2472.6
EXP-021,20240940,140,49,91,0,0,1.0,0.35,2091.3
EXP-021,20240941,140,52,88,0,0,1.0,0.371,2207.3
EXP-021,20240942,140,47,93,0,0,1.0,0.336,2418.1
EXP-022,20240923,60,60,0,0,0,1.0,1.0,287.7
EXP-022,20240924,60,60,0,0,0,1.0,1.0,268.7
EXP-022,20240925,60,60,0,0,0,1.0,1.0,290.2
EXP-022,20240926,60,60,0,0,0,1.0,1.0,287.5
EXP-022,20240927,60,60,0,0,0,1.0,1.0,273.5
EXP-022,20240928,60,60,0,0,0,1.0,1.0,286.0
EXP-022,20240929,60,60,0,0,0,1.0,1.0,288.8
EXP-022,20240930,60,60,0,0,0,1.0,1.0,289.0
EXP-022,20240931,60,60,0,0,0,1.0,1.0,271.0
EXP-022,20240932,60,60,0,0,0,1.0,1.0,310.7
EXP-022,20240933,60,60,0,0,0,1.0,1.0,275.7
EXP-022,20240934,60,60,0,0,0,1.0,1.0,279.7
EXP-022,20240935,60,60,0,0,0,1.0,1.0,302.5
EXP-022,20240936,60,60,0,0,0,1.0,1.0,282.2
EXP-022,20240937,60,60,0,0,0,1.0,1.0,292.0
EXP-022,20240938,60,60,0,0,0,1.0,1.0,312.0
EXP-022,20240939,60,60,0,0,0,1.0,1.0,248.2
EXP-022,20240940,60,60,0,0,0,1.0,1.0,292.0
EXP-022,20240941,60,60,0,0,0,1.0,1.0,287.8
EXP-022,20240942,60,60,0,0,0,1.0,1.0,279.2
EXP-023,20240923,60,56,4,0,0,1.0,0.933,925.2
EXP-023,20240924,60,56,4,0,0,1.0,0.933,708.3
EXP-023,20240925,60,56,4,0,0,1.0,0.933,749.2
EXP-023,20240926,60,57,3,0,0,1.0,0.95,895.7
EXP-023,20240927,60,57,3,0,0,1.0,0.95,751.2
EXP-023,20240928,60,57,3,0,0,1.0,0.95,703.5
EXP-023,20240929,60,55,5,0,0,1.0,0.917,867.8
EXP-023,20240930,60,57,3,0,0,1.0,0.95,896.5
EXP-023,20240931,60,54,6,0,0,1.0,0.9,700.5
EXP-023,20240932,60,59,1,0,0,1.0,0.983,811.8
EXP-023,20240933,60,56,4,0,0,1.0,0.933,729.8
EXP-023,20240934,60,53,7,0,0,1.0,0.883,833.2
EXP-023,20240935,60,60,0,0,0,1.0,1.0,760.7
EXP-023,20240936,60,56,4,0,0,1.0,0.933,730.2
EXP-023,20240937,60,54,6,0,0,1.0,0.9,849.5
EXP-023,20240938,60,57,3,0,0,1.0,0.95,811.7
EXP-023,20240939,60,53,7,0,0,1.0,0.883,692.2
EXP-023,20240940,60,57,3,0,0,1.0,0.95,771.0
EXP-023,20240941,60,55,5,0,0,1.0,0.917,867.3
EXP-023,20240942,60,56,4,0,0,1.0,0.933,720.2
EXP-024,20240923,60,60,0,0,0,1.0,1.0,288.2
EXP-024,20240924,60,60,0,0,0,1.0,1.0,268.7
EXP-024,20240925,60,60,0,0,0,1.0,1.0,290.7
EXP-024,20240926,60,60,0,0,0,1.0,1.0,287.5
EXP-024,20240927,60,60,0,0,0,1.0,1.0,274.0
EXP-024,20240928,60,60,0,0,0,1.0,1.0,287.0
EXP-024,20240929,60,60,0,0,0,1.0,1.0,289.3
EXP-024,20240930,60,60,0,0,0,1.0,1.0,289.7
EXP-024,20240931,60,60,0,0,0,1.0,1.0,269.7
EXP-024,20240932,60,60,0,0,0,1.0,1.0,309.2
EXP-024,20240933,60,60,0,0,0,1.0,1.0,274.7
EXP-024,20240934,60,60,0,0,0,1.0,1.0,279.2
EXP-024,20240935,60,60,0,0,0,1.0,1.0,302.0
EXP-024,20240936,60,60,0,0,0,1.0,1.0,283.3
EXP-024,20240937,60,60,0,0,0,1.0,1.0,292.7
EXP-024,20240938,60,60,0,0,0,1.0,1.0,312.0
EXP-024,20240939,60,60,0,0,0,1.0,1.0,248.7
EXP-024,20240940,60,60,0,0,0,1.0,1.0,291.5
EXP-024,20240941,60,60,0,0,0,1.0,1.0,285.3
EXP-024,20240942,60,60,0,0,0,1.0,1.0,279.2
EXP-025,20240923,140,61,79,0,0,1.0,0.436,1296.5
EXP-025,20240924,140,62,78,0,0,1.0,0.443,1250.0
EXP-025,20240925,140,56,84,0,0,1.0,0.4,1341.9
EXP-025,20240926,140,62,78,0,0,1.0,0.443,1283.6
EXP-025,20240927,140,50,90,0,0,1.0,0.357,1392.3
EXP-025,20240928,140,52,88,0,0,1.0,0.371,1359.0
EXP-025,20240929,140,65,75,0,0,1.0,0.464,1253.6
EXP-025,20240930,140,59,81,0,0,1.0,0.421,1353.0
EXP-025,20240931,140,63,77,0,0,1.0,0.45,1243.5
EXP-025,20240932,140,63,77,0,0,1.0,0.45,1272.3
EXP-025,20240933,140,57,83,0,0,1.0,0.407,1309.1
EXP-025,20240934,140,64,76,0,0,1.0,0.457,1263.2
EXP-025,20240935,140,56,84,0,0,1.0,0.4,1307.6
EXP-025,20240936,140,55,85,0,0,1.0,0.393,1337.6
EXP-025,20240937,140,68,72,0,0,1.0,0.486,1222.8
EXP-025,20240938,140,69,71,0,0,1.0,0.493,1190.6
EXP-025,20240939,140,54,86,0,0,1.0,0.386,1344.4
EXP-025,20240940,140,56,84,0,0,1.0,0.4,1320.5
EXP-025,20240941,140,61,79,0,0,1.0,0.436,1307.5
EXP-025,20240942,140,55,85,0,0,1.0,0.393,1319.6
EXP-026,20240923,140,140,0,0,0,1.0,1.0,1862.9
EXP-026,20240924,140,134,6,0,0,1.0,0.957,1605.1
EXP-026,20240925,140,134,6,0,0,1.0,0.957,1669.8
EXP-026,20240926,140,140,0,0,0,1.0,1.0,1899.8
EXP-026,20240927,140,134,6,0,0,1.0,0.957,1671.9
EXP-026,20240928,140,134,6,0,0,1.0,0.957,1582.1
EXP-026,20240929,140,140,0,0,0,1.0,1.0,1906.8
EXP-026,20240930,140,140,0,0,0,1.0,1.0,1907.8
EXP-026,20240931,140,134,6,0,0,1.0,0.957,1614.6
EXP-026,20240932,140,134,6,0,0,1.0,0.957,1698.9
EXP-026,20240933,140,134,6,0,0,1.0,0.957,1629.6
EXP-026,20240934,140,140,0,0,0,1.0,1.0,1844.9
EXP-026,20240935,140,134,6,0,0,1.0,0.957,1691.3
EXP-026,20240936,140,134,6,0,0,1.0,0.957,1653.1
EXP-026,20240937,140,140,0,0,0,1.0,1.0,1836.4
EXP-026,20240938,140,134,6,0,0,1.0,0.957,1652.9
EXP-026,20240939,140,134,6,0,0,1.0,0.957,1650.4
EXP-026,20240940,140,134,6,0,0,1.0,0.957,1699.9
EXP-026,20240941,140,140,0,0,0,1.0,1.0,1901.4
EXP-026,20240942,140,134,6,0,0,1.0,0.957,1608.6
EXP-027,20240923,240,234,6,0,0,1.0,0.975,1598.2
EXP-027,20240924,240,234,6,0,0,1.0,0.975,1666.3
EXP-027,20240925,240,234,6,0,0,1.0,0.975,1681.2
EXP-027,20240926,240,234,6,0,0,1.0,0.975,1699.8
EXP-027,20240927,240,234,6,0,0,1.0,0.975,1792.1
EXP-027,20240928,240,234,6,0,0,1.0,0.975,1615.4
EXP-027,20240929,240,234,6,0,0,1.0,0.975,1696.9
EXP-027,20240930,240,234,6,0,0,1.0,0.975,1622.2
EXP-027,20240931,240,234,6,0,0,1.0,0.975,1684.1
EXP-027,20240932,240,234,6,0,0,1.0,0.975,1605.8
EXP-027,20240933,240,234,6,0,0,1.0,0.975,1689.8
EXP-027,20240934,240,234,6,0,0,1.0,0.975,1549.0
EXP-027,20240935,240,234,6,0,0,1.0,0.975,1689.2
EXP-027,20240936,240,234,6,0,0,1.0,0.975,1603.2
EXP-027,20240937,240,234,6,0,0,1.0,0.975,1545.0
EXP-027,20240938,240,234,6,0,0,1.0,0.975,1683.8
EXP-027,20240939,240,234,6,0,0,1.0,0.975,1652.1
EXP-027,20240940,240,234,6,0,0,1.0,0.975,1752.1
EXP-027,20240941,240,234,6,0,0,1.0,0.975,1688.2
EXP-027,20240942,240,234,6,0,0,1.0,0.975,1621.5
EXP-028,20240923,140,140,0,0,0,1.0,1.0,1574.3
EXP-028,20240924,140,108,32,0,0,1.0,0.771,3008.8
EXP-028,20240925,140,108,32,0,0,1.0,0.771,3058.6
EXP-028,20240926,140,108,32,0,0,1.0,0.771,3094.8
EXP-028,20240927,140,108,32,0,0,1.0,0.771,3042.4
EXP-028,20240928,140,108,32,0,0,1.0,0.771,3001.1
EXP-028,20240929,140,108,32,0,0,1.0,0.771,3107.2
EXP-028,20240930,140,108,32,0,0,1.0,0.771,3109.9
EXP-028,20240931,140,108,32,0,0,1.0,0.771,3027.8
EXP-028,20240932,140,108,32,0,0,1.0,0.771,3106.5
EXP-028,20240933,140,108,32,0,0,1.0,0.771,3025.0
EXP-028,20240934,140,108,32,0,0,1.0,0.771,2940.0
EXP-028,20240935,140,108,32,0,0,1.0,0.771,3073.9
EXP-028,20240936,140,108,32,0,0,1.0,0.771,2956.4
EXP-028,20240937,140,108,32,0,0,1.0,0.771,2942.9
EXP-028,20240938,140,108,32,0,0,1.0,0.771,3061.4
EXP-028,20240939,140,108,32,0,0,1.0,0.771,3045.8
EXP-028,20240940,140,108,32,0,0,1.0,0.771,3083.2
EXP-028,20240941,140,108,32,0,0,1.0,0.771,3083.8
EXP-028,20240942,140,108,32,0,0,1.0,0.771,2983.1
EXP-029,20240923,60,34,26,0,0,1.0,0.567,4088.0
EXP-029,20240924,60,28,32,0,0,1.0,0.467,4835.2
EXP-029,20240925,60,36,24,0,0,1.0,0.6,3813.7
EXP-029,20240926,60,31,29,0,0,1.0,0.517,4482.8
EXP-029,20240927,60,32,28,0,0,1.0,0.533,4344.2
EXP-029,20240928,60,34,26,0,0,1.0,0.567,4096.8
EXP-029,20240929,60,36,24,0,0,1.0,0.6,3823.2
EXP-029,20240930,60,35,25,0,0,1.0,0.583,3997.3
EXP-029,20240931,60,34,26,0,0,1.0,0.567,4057.3
EXP-029,20240932,60,37,23,0,0,1.0,0.617,3764.7
EXP-029,20240933,60,30,30,0,0,1.0,0.5,4593.0
EXP-029,20240934,60,36,24,0,0,1.0,0.6,3785.8
EXP-029,20240935,60,35,25,0,0,1.0,0.583,4032.3
EXP-029,20240936,60,31,29,0,0,1.0,0.517,4487.8
EXP-029,20240937,60,43,17,0,0,1.0,0.717,2942.3
EXP-029,20240938,60,43,17,0,0,1.0,0.717,2970.3
EXP-029,20240939,60,30,30,0,0,1.0,0.5,4541.2
EXP-029,20240940,60,37,23,0,0,1.0,0.617,3721.7
EXP-029,20240941,60,39,21,0,0,1.0,0.65,3442.7
EXP-029,20240942,60,34,26,0,0,1.0,0.567,4067.3
EXP-030,20240923,60,60,0,0,0,1.0,1.0,2043.0
EXP-030,20240924,60,60,0,0,0,1.0,1.0,2056.3
EXP-030,20240925,60,60,0,0,0,1.0,1.0,2042.0
EXP-030,20240926,60,60,0,0,0,1.0,1.0,2086.5
EXP-030,20240927,60,60,0,0,0,1.0,1.0,2096.3
EXP-030,20240928,60,60,0,0,0,1.0,1.0,2089.7
EXP-030,20240929,60,60,0,0,0,1.0,1.0,2008.0
EXP-030,20240930,60,60,0,0,0,1.0,1.0,2085.8
EXP-030,20240931,60,60,0,0,0,1.0,1.0,1974.2
EXP-030,20240932,60,60,0,0,0,1.0,1.0,2156.7
EXP-030,20240933,60,60,0,0,0,1.0,1.0,2053.0
EXP-030,20240934,60,60,0,0,0,1.0,1.0,1934.5
EXP-030,20240935,60,60,0,0,0,1.0,1.0,2202.2
EXP-030,20240936,60,60,0,0,0,1.0,1.0,2048.7
EXP-030,20240937,60,60,0,0,0,1.0,1.0,1973.7
EXP-030,20240938,60,60,0,0,0,1.0,1.0,2085.2
EXP-030,20240939,60,60,0,0,0,1.0,1.0,1944.5
EXP-030,20240940,60,60,0,0,0,1.0,1.0,2082.3
EXP-030,20240941,60,60,0,0,0,1.0,1.0,2004.7
EXP-030,20240942,60,60,0,0,0,1.0,1.0,2048.7
EXP-031,20240923,60,60,0,0,0,1.0,1.0,348.0
EXP-031,20240924,60,60,0,0,0,1.0,1.0,341.7
EXP-031,20240925,60,60,0,0,0,1.0,1.0,349.0
EXP-031,20240926,60,60,0,0,0,1.0,1.0,354.0
EXP-031,20240927,60,60,0,0,0,1.0,1.0,351.8
EXP-031,20240928,60,60,0,0,0,1.0,1.0,359.2
EXP-031,20240929,60,60,0,0,0,1.0,1.0,343.0
EXP-031,20240930,60,60,0,0,0,1.0,1.0,352.0
EXP-031,20240931,60,60,0,0,0,1.0,1.0,330.0
EXP-031,20240932,60,60,0,0,0,1.0,1.0,375.0
EXP-031,20240933,60,60,0,0,0,1.0,1.0,345.3
EXP-031,20240934,60,60,0,0,0,1.0,1.0,334.8
EXP-031,20240935,60,60,0,0,0,1.0,1.0,377.3
EXP-031,20240936,60,60,0,0,0,1.0,1.0,344.0
EXP-031,20240937,60,60,0,0,0,1.0,1.0,342.5
EXP-031,20240938,60,60,0,0,0,1.0,1.0,366.5
EXP-031,20240939,60,60,0,0,0,1.0,1.0,317.5
EXP-031,20240940,60,60,0,0,0,1.0,1.0,353.0
EXP-031,20240941,60,60,0,0,0,1.0,1.0,342.0
EXP-031,20240942,60,60,0,0,0,1.0,1.0,342.0
EXP-032,20240923,60,60,0,0,0,1.0,1.0,932.3
EXP-032,20240924,60,60,0,0,0,1.0,1.0,732.2
EXP-032,20240925,60,60,0,0,0,1.0,1.0,913.2
EXP-032,20240926,60,60,0,0,0,1.0,1.0,935.7
EXP-032,20240927,60,60,0,0,0,1.0,1.0,936.2
EXP-032,20240928,60,60,0,0,0,1.0,1.0,730.2
EXP-032,20240929,60,60,0,0,0,1.0,1.0,886.5
EXP-032,20240930,60,60,0,0,0,1.0,1.0,915.2
EXP-032,20240931,60,60,0,0,0,1.0,1.0,723.0
EXP-032,20240932,60,60,0,0,0,1.0,1.0,815.0
EXP-032,20240933,60,60,0,0,0,1.0,1.0,733.3
EXP-032,20240934,60,60,0,0,0,1.0,1.0,865.3
EXP-032,20240935,60,60,0,0,0,1.0,1.0,833.8
EXP-032,20240936,60,60,0,0,0,1.0,1.0,730.2
EXP-032,20240937,60,60,0,0,0,1.0,1.0,898.7
EXP-032,20240938,60,60,0,0,0,1.0,1.0,806.0
EXP-032,20240939,60,60,0,0,0,1.0,1.0,685.8
EXP-032,20240940,60,60,0,0,0,1.0,1.0,778.8
EXP-032,20240941,60,60,0,0,0,1.0,1.0,905.2
EXP-032,20240942,60,60,0,0,0,1.0,1.0,744.8
EXP-033,20240923,60,60,0,0,0,1.0,1.0,1369.0
EXP-033,20240924,60,60,0,0,0,1.0,1.0,1113.2
EXP-033,20240925,60,60,0,0,0,1.0,1.0,1136.3
EXP-033,20240926,60,60,0,0,0,1.0,1.0,1372.7
EXP-033,20240927,60,60,0,0,0,1.0,1.0,1139.8
EXP-033,20240928,60,60,0,0,0,1.0,1.0,1159.0
EXP-033,20240929,60,60,0,0,0,1.0,1.0,1334.5
EXP-033,20240930,60,60,0,0,0,1.0,1.0,1376.0
EXP-033,20240931,60,60,0,0,0,1.0,1.0,1104.8
EXP-033,20240932,60,60,0,0,0,1.0,1.0,1229.8
EXP-033,20240933,60,60,0,0,0,1.0,1.0,1150.7
EXP-033,20240934,60,60,0,0,0,1.0,1.0,1277.0
EXP-033,20240935,60,60,0,0,0,1.0,1.0,1223.5
EXP-033,20240936,60,60,0,0,0,1.0,1.0,1150.7
EXP-033,20240937,60,60,0,0,0,1.0,1.0,1314.8
EXP-033,20240938,60,60,0,0,0,1.0,1.0,1183.0
EXP-033,20240939,60,60,0,0,0,1.0,1.0,1057.2
EXP-033,20240940,60,60,0,0,0,1.0,1.0,1179.3
EXP-033,20240941,60,60,0,0,0,1.0,1.0,1317.3
EXP-033,20240942,60,60,0,0,0,1.0,1.0,1133.7
EXP-034,20240923,240,217,23,0,0,1.0,0.904,1727.9
EXP-034,20240924,240,211,29,0,0,1.0,0.879,1796.2
EXP-034,20240925,240,221,19,0,0,1.0,0.921,1811.0
EXP-034,20240926,240,218,22,0,0,1.0,0.908,1829.6
EXP-034,20240927,240,224,16,0,0,1.0,0.933,1922.0
EXP-034,20240928,240,219,21,0,0,1.0,0.912,1745.2
EXP-034,20240929,240,217,23,0,0,1.0,0.904,1826.8
EXP-034,20240930,240,222,18,0,0,1.0,0.925,1752.0
EXP-034,20240931,240,213,27,0,0,1.0,0.887,1815.2
EXP-034,20240932,240,223,17,0,0,1.0,0.929,1735.6
EXP-034,20240933,240,213,27,0,0,1.0,0.887,1819.5
EXP-034,20240934,240,214,26,0,0,1.0,0.892,1679.0
EXP-034,20240935,240,213,27,0,0,1.0,0.887,1819.2
EXP-034,20240936,240,217,23,0,0,1.0,0.904,1733.0
EXP-034,20240937,240,214,26,0,0,1.0,0.892,1674.9
EXP-034,20240938,240,215,25,0,0,1.0,0.896,1814.2
EXP-034,20240939,240,220,20,0,0,1.0,0.917,1781.9
EXP-034,20240940,240,221,19,0,0,1.0,0.921,1881.8
EXP-034,20240941,240,214,26,0,0,1.0,0.892,1818.1
EXP-034,20240942,240,224,16,0,0,1.0,0.933,1751.2
EXP-035,20240923,60,60,0,0,0,1.0,1.0,348.0
EXP-035,20240924,60,60,0,0,0,1.0,1.0,341.7
EXP-035,20240925,60,60,0,0,0,1.0,1.0,349.3
EXP-035,20240926,60,60,0,0,0,1.0,1.0,355.0
EXP-035,20240927,60,60,0,0,0,1.0,1.0,351.8
EXP-035,20240928,60,60,0,0,0,1.0,1.0,359.2
EXP-035,20240929,60,60,0,0,0,1.0,1.0,343.0
EXP-035,20240930,60,60,0,0,0,1.0,1.0,352.0
EXP-035,20240931,60,60,0,0,0,1.0,1.0,330.0
EXP-035,20240932,60,60,0,0,0,1.0,1.0,375.0
EXP-035,20240933,60,60,0,0,0,1.0,1.0,344.3
EXP-035,20240934,60,60,0,0,0,1.0,1.0,334.8
EXP-035,20240935,60,60,0,0,0,1.0,1.0,377.2
EXP-035,20240936,60,60,0,0,0,1.0,1.0,344.0
EXP-035,20240937,60,60,0,0,0,1.0,1.0,342.5
EXP-035,20240938,60,60,0,0,0,1.0,1.0,366.5
EXP-035,20240939,60,60,0,0,0,1.0,1.0,317.5
EXP-035,20240940,60,60,0,0,0,1.0,1.0,353.0
EXP-035,20240941,60,60,0,0,0,1.0,1.0,342.0
EXP-035,20240942,60,60,0,0,0,1.0,1.0,343.0
EXP-036,20240923,140,140,0,0,0,1.0,1.0,291.7
EXP-036,20240924,140,140,0,0,0,1.0,1.0,278.6
EXP-036,20240925,140,140,0,0,0,1.0,1.0,291.9
EXP-036,20240926,140,140,0,0,0,1.0,1.0,303.4
EXP-036,20240927,140,140,0,0,0,1.0,1.0,280.7
EXP-036,20240928,140,140,0,0,0,1.0,1.0,298.4
EXP-036,20240929,140,140,0,0,0,1.0,1.0,306.6
EXP-036,20240930,140,140,0,0,0,1.0,1.0,302.7
EXP-036,20240931,140,140,0,0,0,1.0,1.0,282.6
EXP-036,20240932,140,140,0,0,0,1.0,1.0,307.8
EXP-036,20240933,140,140,0,0,0,1.0,1.0,278.4
EXP-036,20240934,140,140,0,0,0,1.0,1.0,291.2
EXP-036,20240935,140,140,0,0,0,1.0,1.0,292.5
EXP-036,20240936,140,140,0,0,0,1.0,1.0,283.6
EXP-036,20240937,140,140,0,0,0,1.0,1.0,295.6
EXP-036,20240938,140,140,0,0,0,1.0,1.0,297.0
EXP-036,20240939,140,140,0,0,0,1.0,1.0,282.6
EXP-036,20240940,140,140,0,0,0,1.0,1.0,295.2
EXP-036,20240941,140,140,0,0,0,1.0,1.0,298.2
EXP-036,20240942,140,140,0,0,0,1.0,1.0,293.6
EXP-037,20240923,140,129,11,0,0,1.0,0.921,1090.2
EXP-037,20240924,140,125,15,0,0,1.0,0.893,872.9
EXP-037,20240925,140,131,9,0,0,1.0,0.936,907.6
EXP-037,20240926,140,132,8,0,0,1.0,0.943,1089.0
EXP-037,20240927,140,130,10,0,0,1.0,0.929,896.1
EXP-037,20240928,140,134,6,0,0,1.0,0.957,935.1
EXP-037,20240929,140,132,8,0,0,1.0,0.943,1115.7
EXP-037,20240930,140,133,7,0,0,1.0,0.95,1116.8
EXP-037,20240931,140,126,14,0,0,1.0,0.9,893.9
EXP-037,20240932,140,133,7,0,0,1.0,0.95,944.1
EXP-037,20240933,140,127,13,0,0,1.0,0.907,886.5
EXP-037,20240934,140,127,13,0,0,1.0,0.907,1058.8
EXP-037,20240935,140,131,9,0,0,1.0,0.936,918.6
EXP-037,20240936,140,129,11,0,0,1.0,0.921,903.1
EXP-037,20240937,140,128,12,0,0,1.0,0.914,1057.1
EXP-037,20240938,140,127,13,0,0,1.0,0.907,905.4
EXP-037,20240939,140,129,11,0,0,1.0,0.921,893.9
EXP-037,20240940,140,132,8,0,0,1.0,0.943,930.6
EXP-037,20240941,140,131,9,0,0,1.0,0.936,1114.0
EXP-037,20240942,140,132,8,0,0,1.0,0.943,920.8
EXP-038,20240923,60,23,37,0,0,1.0,0.383,608.0
EXP-038,20240924,60,16,44,0,0,1.0,0.267,1255.8
EXP-038,20240925,60,24,36,0,0,1.0,0.4,582.0
EXP-038,20240926,60,21,39,0,0,1.0,0.35,597.5
EXP-038,20240927,60,16,44,0,0,1.0,0.267,603.0
EXP-038,20240928,60,20,40,0,0,1.0,0.333,725.3
EXP-038,20240929,60,25,35,0,0,1.0,0.417,568.2
EXP-038,20240930,60,22,38,0,0,1.0,0.367,585.0
EXP-038,20240931,60,19,41,0,0,1.0,0.317,826.8
EXP-038,20240932,60,26,34,0,0,1.0,0.433,903.0
EXP-038,20240933,60,18,42,0,0,1.0,0.3,720.7
EXP-038,20240934,60,24,36,0,0,1.0,0.4,550.3
EXP-038,20240935,60,22,38,0,0,1.0,0.367,903.8
EXP-038,20240936,60,21,39,0,0,1.0,0.35,847.2
EXP-038,20240937,60,27,33,0,0,1.0,0.45,585.7
EXP-038,20240938,60,30,30,0,0,1.0,0.5,743.2
EXP-038,20240939,60,13,47,0,0,1.0,0.217,695.5
EXP-038,20240940,60,23,37,0,0,1.0,0.383,739.8
EXP-038,20240941,60,24,36,0,0,1.0,0.4,589.2
EXP-038,20240942,60,20,40,0,0,1.0,0.333,980.8
EXP-039,20240923,240,217,23,0,0,1.0,0.904,1693.2
EXP-039,20240924,240,211,29,0,0,1.0,0.879,1753.8
EXP-039,20240925,240,221,19,0,0,1.0,0.921,1775.2
EXP-039,20240926,240,218,22,0,0,1.0,0.908,1785.7
EXP-039,20240927,240,224,16,0,0,1.0,0.933,1879.6
EXP-039,20240928,240,219,21,0,0,1.0,0.912,1710.4
EXP-039,20240929,240,217,23,0,0,1.0,0.904,1782.4
EXP-039,20240930,240,222,18,0,0,1.0,0.925,1737.4
EXP-039,20240931,240,213,27,0,0,1.0,0.887,1770.2
EXP-039,20240932,240,223,17,0,0,1.0,0.929,1699.6
EXP-039,20240933,240,213,27,0,0,1.0,0.887,1777.5
EXP-039,20240934,240,214,26,0,0,1.0,0.892,1644.1
EXP-039,20240935,240,213,27,0,0,1.0,0.887,1776.5
EXP-039,20240936,240,217,23,0,0,1.0,0.904,1698.1
EXP-039,20240937,240,214,26,0,0,1.0,0.892,1640.3
EXP-039,20240938,240,215,25,0,0,1.0,0.896,1770.2
EXP-039,20240939,240,220,20,0,0,1.0,0.917,1754.4
EXP-039,20240940,240,221,19,0,0,1.0,0.921,1836.4
EXP-039,20240941,240,214,26,0,0,1.0,0.892,1772.9
EXP-039,20240942,240,224,16,0,0,1.0,0.933,1715.2
EXP-040,20240923,240,234,6,0,0,1.0,0.975,666.4
EXP-040,20240924,240,234,6,0,0,1.0,0.975,638.8
EXP-040,20240925,240,234,6,0,0,1.0,0.975,682.0
EXP-040,20240926,240,234,6,0,0,1.0,0.975,649.5
EXP-040,20240927,240,234,6,0,0,1.0,0.975,717.7
EXP-040,20240928,240,234,6,0,0,1.0,0.975,689.2
EXP-040,20240929,240,234,6,0,0,1.0,0.975,648.2
EXP-040,20240930,240,234,6,0,0,1.0,0.975,677.2
EXP-040,20240931,240,234,6,0,0,1.0,0.975,631.0
EXP-040,20240932,240,234,6,0,0,1.0,0.975,679.6
EXP-040,20240933,240,234,6,0,0,1.0,0.975,654.5
EXP-040,20240934,240,234,6,0,0,1.0,0.975,636.4
EXP-040,20240935,240,234,6,0,0,1.0,0.975,643.3
EXP-040,20240936,240,234,6,0,0,1.0,0.975,668.2
EXP-040,20240937,240,234,6,0,0,1.0,0.975,632.1
EXP-040,20240938,240,234,6,0,0,1.0,0.975,649.8
EXP-040,20240939,240,234,6,0,0,1.0,0.975,717.1
EXP-040,20240940,240,234,6,0,0,1.0,0.975,684.9
EXP-040,20240941,240,234,6,0,0,1.0,0.975,641.7
EXP-040,20240942,240,234,6,0,0,1.0,0.975,690.8
EXP-041,20240923,240,100,140,0,0,1.0,0.417,2982.9
EXP-041,20240924,240,104,136,0,0,1.0,0.433,2719.3
EXP-041,20240925,240,99,141,0,0,1.0,0.412,3056.1
EXP-041,20240926,240,110,130,0,0,1.0,0.458,2640.3
EXP-041,20240927,240,88,152,0,0,1.0,0.367,2948.8
EXP-041,20240928,240,93,147,0,0,1.0,0.388,3513.3
EXP-041,20240929,240,109,131,0,0,1.0,0.454,2834.6
EXP-041,20240930,240,103,137,0,0,1.0,0.429,2747.4
EXP-041,20240931,240,111,129,0,0,1.0,0.463,2828.2
EXP-041,20240932,240,103,137,0,0,1.0,0.429,3045.3
EXP-041,20240933,240,100,140,0,0,1.0,0.417,2623.1
EXP-041,20240934,240,111,129,0,0,1.0,0.463,2447.4
EXP-041,20240935,240,105,135,0,0,1.0,0.438,2660.5
EXP-041,20240936,240,99,141,0,0,1.0,0.412,2849.6
EXP-041,20240937,240,112,128,0,0,1.0,0.467,2608.0
EXP-041,20240938,240,105,135,0,0,1.0,0.438,2793.6
EXP-041,20240939,240,84,156,0,0,1.0,0.35,3463.3
EXP-041,20240940,240,97,143,0,0,1.0,0.404,2908.9
EXP-041,20240941,240,107,133,0,0,1.0,0.446,2662.2
EXP-041,20240942,240,99,141,0,0,1.0,0.412,2735.3
EXP-042,20240923,240,154,86,0,0,1.0,0.642,3009.2
EXP-042,20240924,240,188,52,0,0,1.0,0.783,1695.0
EXP-042,20240925,240,183,57,0,0,1.0,0.762,1889.0
EXP-042,20240926,240,170,70,0,0,1.0,0.708,2611.1
EXP-042,20240927,240,172,68,0,0,1.0,0.717,2247.8
EXP-042,20240928,240,177,63,0,0,1.0,0.738,2071.3
EXP-042,20240929,240,160,80,0,0,1.0,0.667,2851.9
EXP-042,20240930,240,187,53,0,0,1.0,0.779,1773.1
EXP-042,20240931,240,195,45,0,0,1.0,0.812,1495.2
EXP-042,20240932,240,187,53,0,0,1.0,0.779,1775.6
EXP-042,20240933,240,184,56,0,0,1.0,0.767,1824.3
EXP-042,20240934,240,162,78,0,0,1.0,0.675,2716.0
EXP-042,20240935,240,189,51,0,0,1.0,0.787,1677.8
EXP-042,20240936,240,183,57,0,0,1.0,0.762,1874.2
EXP-042,20240937,240,196,44,0,0,1.0,0.817,1458.5
EXP-042,20240938,240,189,51,0,0,1.0,0.787,1670.9
EXP-042,20240939,240,168,72,0,0,1.0,0.7,2348.8
EXP-042,20240940,240,181,59,0,0,1.0,0.754,1954.5
EXP-042,20240941,240,161,79,0,0,1.0,0.671,2838.8
EXP-042,20240942,240,183,57,0,0,1.0,0.762,1914.0
EXP-043,20240923,240,228,12,0,0,1.0,0.95,2447.9
EXP-043,20240924,240,232,8,0,0,1.0,0.967,2286.8
EXP-043,20240925,240,227,13,0,0,1.0,0.946,2511.6
EXP-043,20240926,240,238,2,0,0,1.0,0.992,2198.3
EXP-043,20240927,240,216,24,0,0,1.0,0.9,2825.8
EXP-043,20240928,240,221,19,0,0,1.0,0.921,2648.7
EXP-043,20240929,240,237,3,0,0,1.0,0.988,2214.5
EXP-043,20240930,240,231,9,0,0,1.0,0.963,2417.2
EXP-043,20240931,240,239,1,0,0,1.0,0.996,2124.4
EXP-043,20240932,240,231,9,0,0,1.0,0.963,2427.4
EXP-043,20240933,240,228,12,0,0,1.0,0.95,2409.6
EXP-043,20240934,240,239,1,0,0,1.0,0.996,2132.6
EXP-043,20240935,240,233,7,0,0,1.0,0.971,2280.0
EXP-043,20240936,240,227,13,0,0,1.0,0.946,2474.2
EXP-043,20240937,240,240,0,0,0,1.0,1.0,2108.2
EXP-043,20240938,240,233,7,0,0,1.0,0.971,2299.0
EXP-043,20240939,240,212,28,0,0,1.0,0.883,2892.3
EXP-043,20240940,240,225,15,0,0,1.0,0.938,2564.6
EXP-043,20240941,240,235,5,0,0,1.0,0.979,2237.8
EXP-043,20240942,240,227,13,0,0,1.0,0.946,2540.9
EXP-044,20240923,140,134,6,0,0,1.0,0.957,545.6
EXP-044,20240924,140,134,6,0,0,1.0,0.957,528.5
EXP-044,20240925,140,134,6,0,0,1.0,0.957,566.6
EXP-044,20240926,140,134,6,0,0,1.0,0.957,558.9
EXP-044,20240927,140,134,6,0,0,1.0,0.957,575.0
EXP-044,20240928,140,134,6,0,0,1.0,0.957,583.9
EXP-044,20240929,140,134,6,0,0,1.0,0.957,556.1
EXP-044,20240930,140,134,6,0,0,1.0,0.957,568.6
EXP-044,20240931,140,134,6,0,0,1.0,0.957,536.3
EXP-044,20240932,140,134,6,0,0,1.0,0.957,562.9
EXP-044,20240933,140,134,6,0,0,1.0,0.957,546.1
EXP-044,20240934,140,134,6,0,0,1.0,0.957,533.3
EXP-044,20240935,140,134,6,0,0,1.0,0.957,563.2
EXP-044,20240936,140,134,6,0,0,1.0,0.957,558.0
EXP-044,20240937,140,134,6,0,0,1.0,0.957,535.3
EXP-044,20240938,140,134,6,0,0,1.0,0.957,527.1
EXP-044,20240939,140,134,6,0,0,1.0,0.957,559.4
EXP-044,20240940,140,134,6,0,0,1.0,0.957,573.1
EXP-044,20240941,140,134,6,0,0,1.0,0.957,558.6
EXP-044,20240942,140,134,6,0,0,1.0,0.957,571.3
EXP-045,20240923,60,55,5,0,0,1.0,0.917,1706.7
EXP-045,20240924,60,60,0,0,0,1.0,1.0,898.8
EXP-045,20240925,60,56,4,0,0,1.0,0.933,1563.3
EXP-045,20240926,60,50,10,0,0,1.0,0.833,1858.8
EXP-045,20240927,60,56,4,0,0,1.0,0.933,1595.8
EXP-045,20240928,60,60,0,0,0,1.0,1.0,926.5
EXP-045,20240929,60,55,5,0,0,1.0,0.917,1687.7
EXP-045,20240930,60,54,6,0,0,1.0,0.9,1867.2
EXP-045,20240931,60,59,1,0,0,1.0,0.983,1008.5
EXP-045,20240932,60,60,0,0,0,1.0,1.0,985.0
EXP-045,20240933,60,60,0,0,0,1.0,1.0,914.8
EXP-045,20240934,60,54,6,0,0,1.0,0.9,1764.2
EXP-045,20240935,60,60,0,0,0,1.0,1.0,996.2
EXP-045,20240936,60,60,0,0,0,1.0,1.0,927.0
EXP-045,20240937,60,60,0,0,0,1.0,1.0,1069.8
EXP-045,20240938,60,60,0,0,0,1.0,1.0,966.0
EXP-045,20240939,60,60,0,0,0,1.0,1.0,845.7
EXP-045,20240940,60,60,0,0,0,1.0,1.0,944.2
EXP-045,20240941,60,60,0,0,0,1.0,1.0,1085.2
EXP-045,20240942,60,60,0,0,0,1.0,1.0,905.7
EXP-046,20240923,140,134,6,0,0,1.0,0.957,802.4
EXP-046,20240924,140,134,6,0,0,1.0,0.957,786.0
EXP-046,20240925,140,134,6,0,0,1.0,0.957,821.6
EXP-046,20240926,140,134,6,0,0,1.0,0.957,811.1
EXP-046,20240927,140,134,6,0,0,1.0,0.957,832.7
EXP-046,20240928,140,134,6,0,0,1.0,0.957,840.4
EXP-046,20240929,140,134,6,0,0,1.0,0.957,807.2
EXP-046,20240930,140,134,6,0,0,1.0,0.957,821.9
EXP-046,20240931,140,134,6,0,0,1.0,0.957,789.4
EXP-046,20240932,140,134,6,0,0,1.0,0.957,813.9
EXP-046,20240933,140,134,6,0,0,1.0,0.957,805.8
EXP-046,20240934,140,134,6,0,0,1.0,0.957,790.4
EXP-046,20240935,140,134,6,0,0,1.0,0.957,821.1
EXP-046,20240936,140,134,6,0,0,1.0,0.957,817.0
EXP-046,20240937,140,134,6,0,0,1.0,0.957,787.3
EXP-046,20240938,140,134,6,0,0,1.0,0.957,780.9
EXP-046,20240939,140,134,6,0,0,1.0,0.957,818.4
EXP-046,20240940,140,134,6,0,0,1.0,0.957,824.2
EXP-046,20240941,140,134,6,0,0,1.0,0.957,811.6
EXP-046,20240942,140,134,6,0,0,1.0,0.957,827.7
EXP-047,20240923,240,86,154,0,0,1.0,0.358,5636.5
EXP-047,20240924,240,104,136,0,0,1.0,0.433,1287.1
EXP-047,20240925,240,89,151,0,0,1.0,0.371,5474.3
EXP-047,20240926,240,110,130,0,0,1.0,0.458,1281.2
EXP-047,20240927,240,88,152,0,0,1.0,0.367,1385.8
EXP-047,20240928,240,93,147,0,0,1.0,0.388,1345.9
EXP-047,20240929,240,109,131,0,0,1.0,0.454,1286.5
EXP-047,20240930,240,103,137,0,0,1.0,0.429,1311.0
EXP-047,20240931,240,111,129,0,0,1.0,0.463,1238.7
EXP-047,20240932,240,103,137,0,0,1.0,0.429,1322.3
EXP-047,20240933,240,100,140,0,0,1.0,0.417,1316.9
EXP-047,20240934,240,111,129,0,0,1.0,0.463,1253.0
EXP-047,20240935,240,105,135,0,0,1.0,0.438,1275.0
EXP-047,20240936,240,99,141,0,0,1.0,0.412,1337.2
EXP-047,20240937,240,112,128,0,0,1.0,0.467,1255.4
EXP-047,20240938,240,105,135,0,0,1.0,0.438,1262.4
EXP-047,20240939,240,84,156,0,0,1.0,0.35,1418.6
EXP-047,20240940,240,97,143,0,0,1.0,0.404,1327.4
EXP-047,20240941,240,107,133,0,0,1.0,0.446,1274.0
EXP-047,20240942,240,99,141,0,0,1.0,0.412,1316.5
EXP-048,20240923,240,223,17,0,0,1.0,0.929,1160.5
EXP-048,20240924,240,217,23,0,0,1.0,0.904,1110.8
EXP-048,20240925,240,227,13,0,0,1.0,0.946,1180.0
EXP-048,20240926,240,224,16,0,0,1.0,0.933,1157.3
EXP-048,20240927,240,230,10,0,0,1.0,0.958,1189.5
EXP-048,20240928,240,225,15,0,0,1.0,0.938,1168.2
EXP-048,20240929,240,223,17,0,0,1.0,0.929,1159.7
EXP-048,20240930,240,228,12,0,0,1.0,0.95,1184.4
EXP-048,20240931,240,219,21,0,0,1.0,0.912,1147.3
EXP-048,20240932,240,229,11,0,0,1.0,0.954,1197.6
EXP-048,20240933,240,219,21,0,0,1.0,0.912,1141.2
EXP-048,20240934,240,220,20,0,0,1.0,0.917,1142.2
EXP-048,20240935,240,219,21,0,0,1.0,0.912,1134.6
EXP-048,20240936,240,223,17,0,0,1.0,0.929,1166.3
EXP-048,20240937,240,220,20,0,0,1.0,0.917,1147.3
EXP-048,20240938,240,221,19,0,0,1.0,0.921,1137.6
EXP-048,20240939,240,226,14,0,0,1.0,0.942,1162.7
EXP-048,20240940,240,227,13,0,0,1.0,0.946,1170.7
EXP-048,20240941,240,220,20,0,0,1.0,0.917,1130.9
EXP-048,20240942,240,230,10,0,0,1.0,0.958,1197.7
EXP-049,20240923,140,129,11,0,0,1.0,0.921,1369.5
EXP-049,20240924,140,125,15,0,0,1.0,0.893,1156.4
EXP-049,20240925,140,131,9,0,0,1.0,0.936,1201.9
EXP-049,20240926,140,132,8,0,0,1.0,0.943,1360.9
EXP-049,20240927,140,130,10,0,0,1.0,0.929,1208.3
EXP-049,20240928,140,134,6,0,0,1.0,0.957,1249.4
EXP-049,20240929,140,132,8,0,0,1.0,0.943,1384.9
EXP-049,20240930,140,133,7,0,0,1.0,0.95,1230.2
EXP-049,20240931,140,126,14,0,0,1.0,0.9,1162.6
EXP-049,20240932,140,133,7,0,0,1.0,0.95,1222.6
EXP-049,20240933,140,127,13,0,0,1.0,0.907,1174.6
EXP-049,20240934,140,127,13,0,0,1.0,0.907,1343.4
EXP-049,20240935,140,131,9,0,0,1.0,0.936,1220.1
EXP-049,20240936,140,129,11,0,0,1.0,0.921,1195.4
EXP-049,20240937,140,128,12,0,0,1.0,0.914,1170.9
EXP-049,20240938,140,127,13,0,0,1.0,0.907,1175.5
EXP-049,20240939,140,129,11,0,0,1.0,0.921,1194.9
EXP-049,20240940,140,132,8,0,0,1.0,0.943,1218.6
EXP-049,20240941,140,131,9,0,0,1.0,0.936,1212.5
EXP-049,20240942,140,132,8,0,0,1.0,0.943,1229.4
EXP-050,20240923,140,140,0,0,0,1.0,1.0,278.0
EXP-050,20240924,140,140,0,0,0,1.0,1.0,266.1
EXP-050,20240925,140,140,0,0,0,1.0,1.0,278.5
EXP-050,20240926,140,140,0,0,0,1.0,1.0,288.3
EXP-050,20240927,140,140,0,0,0,1.0,1.0,269.0
EXP-050,20240928,140,140,0,0,0,1.0,1.0,285.6
EXP-050,20240929,140,140,0,0,0,1.0,1.0,289.9
EXP-050,20240930,140,140,0,0,0,1.0,1.0,287.9
EXP-050,20240931,140,140,0,0,0,1.0,1.0,268.2
EXP-050,20240932,140,140,0,0,0,1.0,1.0,291.6
EXP-050,20240933,140,140,0,0,0,1.0,1.0,266.1
EXP-050,20240934,140,140,0,0,0,1.0,1.0,279.4
EXP-050,20240935,140,140,0,0,0,1.0,1.0,279.5
EXP-050,20240936,140,140,0,0,0,1.0,1.0,271.7
EXP-050,20240937,140,140,0,0,0,1.0,1.0,279.9
EXP-050,20240938,140,140,0,0,0,1.0,1.0,282.3
EXP-050,20240939,140,140,0,0,0,1.0,1.0,270.4
EXP-050,20240940,140,140,0,0,0,1.0,1.0,280.8
EXP-050,20240941,140,140,0,0,0,1.0,1.0,283.7
EXP-050,20240942,140,140,0,0,0,1.0,1.0,280.1
EXP-051,20240923,140,140,0,0,0,1.0,1.0,1364.8
EXP-051,20240924,140,140,0,0,0,1.0,1.0,1086.9
EXP-051,20240925,140,140,0,0,0,1.0,1.0,1133.0
EXP-051,20240926,140,140,0,0,0,1.0,1.0,1374.7
EXP-051,20240927,140,140,0,0,0,1.0,1.0,1116.6
EXP-051,20240928,140,140,0,0,0,1.0,1.0,1162.2
EXP-051,20240929,140,140,0,0,0,1.0,1.0,1402.4
EXP-051,20240930,140,140,0,0,0,1.0,1.0,1400.1
EXP-051,20240931,140,140,0,0,0,1.0,1.0,1108.9
EXP-051,20240932,140,140,0,0,0,1.0,1.0,1172.5
EXP-051,20240933,140,140,0,0,0,1.0,1.0,1101.7
EXP-051,20240934,140,140,0,0,0,1.0,1.0,1334.2
EXP-051,20240935,140,140,0,0,0,1.0,1.0,1152.1
EXP-051,20240936,140,140,0,0,0,1.0,1.0,1117.9
EXP-051,20240937,140,140,0,0,0,1.0,1.0,1335.1
EXP-051,20240938,140,140,0,0,0,1.0,1.0,1128.4
EXP-051,20240939,140,140,0,0,0,1.0,1.0,1113.4
EXP-051,20240940,140,140,0,0,0,1.0,1.0,1158.9
EXP-051,20240941,140,140,0,0,0,1.0,1.0,1397.6
EXP-051,20240942,140,140,0,0,0,1.0,1.0,1151.9
EXP-052,20240923,60,60,0,0,0,1.0,1.0,344.0
EXP-052,20240924,60,60,0,0,0,1.0,1.0,346.7
EXP-052,20240925,60,60,0,0,0,1.0,1.0,344.0
EXP-052,20240926,60,60,0,0,0,1.0,1.0,351.3
EXP-052,20240927,60,60,0,0,0,1.0,1.0,354.7
EXP-052,20240928,60,60,0,0,0,1.0,1.0,352.0
EXP-052,20240929,60,60,0,0,0,1.0,1.0,336.7
EXP-052,20240930,60,60,0,0,0,1.0,1.0,351.3
EXP-052,20240931,60,60,0,0,0,1.0,1.0,330.3
EXP-052,20240932,60,60,0,0,0,1.0,1.0,367.0
EXP-052,20240933,60,60,0,0,0,1.0,1.0,345.3
EXP-052,20240934,60,60,0,0,0,1.0,1.0,322.7
EXP-052,20240935,60,60,0,0,0,1.0,1.0,374.7
EXP-052,20240936,60,60,0,0,0,1.0,1.0,344.0
EXP-052,20240937,60,60,0,0,0,1.0,1.0,331.8
EXP-052,20240938,60,60,0,0,0,1.0,1.0,354.2
EXP-052,20240939,60,60,0,0,0,1.0,1.0,324.7
EXP-052,20240940,60,60,0,0,0,1.0,1.0,351.3
EXP-052,20240941,60,60,0,0,0,1.0,1.0,337.7
EXP-052,20240942,60,60,0,0,0,1.0,1.0,344.0
EXP-053,20240923,60,56,4,0,0,1.0,0.933,959.7
EXP-053,20240924,60,56,4,0,0,1.0,0.933,783.7
EXP-053,20240925,60,56,4,0,0,1.0,0.933,937.2
EXP-053,20240926,60,57,3,0,0,1.0,0.95,979.0
EXP-053,20240927,60,57,3,0,0,1.0,0.95,963.3
EXP-053,20240928,60,57,3,0,0,1.0,0.95,776.8
EXP-053,20240929,60,55,5,0,0,1.0,0.917,912.5
EXP-053,20240930,60,57,3,0,0,1.0,0.95,943.8
EXP-053,20240931,60,54,6,0,0,1.0,0.9,745.5
EXP-053,20240932,60,59,1,0,0,1.0,0.983,851.8
EXP-053,20240933,60,56,4,0,0,1.0,0.933,778.3
EXP-053,20240934,60,53,7,0,0,1.0,0.883,886.8
EXP-053,20240935,60,60,0,0,0,1.0,1.0,874.7
EXP-053,20240936,60,56,4,0,0,1.0,0.933,770.0
EXP-053,20240937,60,54,6,0,0,1.0,0.9,909.0
EXP-053,20240938,60,57,3,0,0,1.0,0.95,828.8
EXP-053,20240939,60,53,7,0,0,1.0,0.883,740.5
EXP-053,20240940,60,57,3,0,0,1.0,0.95,816.5
EXP-053,20240941,60,55,5,0,0,1.0,0.917,919.7
EXP-053,20240942,60,56,4,0,0,1.0,0.933,787.3
EXP-054,20240923,60,59,1,0,0,1.0,0.983,1228.5
EXP-054,20240924,60,60,0,0,0,1.0,1.0,889.5
EXP-054,20240925,60,60,0,0,0,1.0,1.0,905.3
EXP-054,20240926,60,60,0,0,0,1.0,1.0,1098.7
EXP-054,20240927,60,60,0,0,0,1.0,1.0,913.2
EXP-054,20240928,60,60,0,0,0,1.0,1.0,928.2
EXP-054,20240929,60,60,0,0,0,1.0,1.0,1065.5
EXP-054,20240930,60,60,0,0,0,1.0,1.0,1122.8
EXP-054,20240931,60,60,0,0,0,1.0,1.0,879.7
EXP-054,20240932,60,60,0,0,0,1.0,1.0,979.0
EXP-054,20240933,60,60,0,0,0,1.0,1.0,915.2
EXP-054,20240934,60,60,0,0,0,1.0,1.0,1015.5
EXP-054,20240935,60,60,0,0,0,1.0,1.0,978.3
EXP-054,20240936,60,60,0,0,0,1.0,1.0,922.7
EXP-054,20240937,60,60,0,0,0,1.0,1.0,1039.5
EXP-054,20240938,60,60,0,0,0,1.0,1.0,951.0
EXP-054,20240939,60,60,0,0,0,1.0,1.0,844.5
EXP-054,20240940,60,60,0,0,0,1.0,1.0,937.0
EXP-054,20240941,60,60,0,0,0,1.0,1.0,1050.5
EXP-054,20240942,60,60,0,0,0,1.0,1.0,903.8
EXP-055,20240923,140,140,0,0,0,1.0,1.0,426.6
EXP-055,20240924,140,140,0,0,0,1.0,1.0,411.0
EXP-055,20240925,140,140,0,0,0,1.0,1.0,444.0
EXP-055,20240926,140,140,0,0,0,1.0,1.0,435.7
EXP-055,20240927,140,140,0,0,0,1.0,1.0,454.0
EXP-055,20240928,140,140,0,0,0,1.0,1.0,462.1
EXP-055,20240929,140,140,0,0,0,1.0,1.0,434.9
EXP-055,20240930,140,140,0,0,0,1.0,1.0,445.2
EXP-055,20240931,140,140,0,0,0,1.0,1.0,415.5
EXP-055,20240932,140,140,0,0,0,1.0,1.0,439.1
EXP-055,20240933,140,140,0,0,0,1.0,1.0,428.4
EXP-055,20240934,140,140,0,0,0,1.0,1.0,416.2
EXP-055,20240935,140,140,0,0,0,1.0,1.0,443.4
EXP-055,20240936,140,140,0,0,0,1.0,1.0,439.6
EXP-055,20240937,140,140,0,0,0,1.0,1.0,415.9
EXP-055,20240938,140,140,0,0,0,1.0,1.0,409.2
EXP-055,20240939,140,140,0,0,0,1.0,1.0,440.9
EXP-055,20240940,140,140,0,0,0,1.0,1.0,447.4
EXP-055,20240941,140,140,0,0,0,1.0,1.0,436.0
EXP-055,20240942,140,140,0,0,0,1.0,1.0,449.9
EXP-056,20240923,240,240,0,0,0,1.0,1.0,560.6
EXP-056,20240924,240,240,0,0,0,1.0,1.0,536.8
EXP-056,20240925,240,240,0,0,0,1.0,1.0,574.2
EXP-056,20240926,240,240,0,0,0,1.0,1.0,546.8
EXP-056,20240927,240,240,0,0,0,1.0,1.0,606.1
EXP-056,20240928,240,240,0,0,0,1.0,1.0,580.6
EXP-056,20240929,240,240,0,0,0,1.0,1.0,545.5
EXP-056,20240930,240,240,0,0,0,1.0,1.0,570.2
EXP-056,20240931,240,240,0,0,0,1.0,1.0,531.0
EXP-056,20240932,240,240,0,0,0,1.0,1.0,572.1
EXP-056,20240933,240,240,0,0,0,1.0,1.0,550.2
EXP-056,20240934,240,240,0,0,0,1.0,1.0,535.9
EXP-056,20240935,240,240,0,0,0,1.0,1.0,541.0
EXP-056,20240936,240,240,0,0,0,1.0,1.0,562.1
EXP-056,20240937,240,240,0,0,0,1.0,1.0,531.9
EXP-056,20240938,240,240,0,0,0,1.0,1.0,546.6
EXP-056,20240939,240,240,0,0,0,1.0,1.0,605.8
EXP-056,20240940,240,240,0,0,0,1.0,1.0,576.6
EXP-056,20240941,240,240,0,0,0,1.0,1.0,539.6
EXP-056,20240942,240,240,0,0,0,1.0,1.0,581.8
EXP-057,20240923,240,240,0,0,0,1.0,1.0,1173.3
EXP-057,20240924,240,240,0,0,0,1.0,1.0,1132.0
EXP-057,20240925,240,240,0,0,0,1.0,1.0,1192.8
EXP-057,20240926,240,240,0,0,0,1.0,1.0,1181.2
EXP-057,20240927,240,240,0,0,0,1.0,1.0,1201.3
EXP-057,20240928,240,240,0,0,0,1.0,1.0,1175.9
EXP-057,20240929,240,240,0,0,0,1.0,1.0,1176.7
EXP-057,20240930,240,240,0,0,0,1.0,1.0,1205.4
EXP-057,20240931,240,240,0,0,0,1.0,1.0,1159.8
EXP-057,20240932,240,240,0,0,0,1.0,1.0,1208.1
EXP-057,20240933,240,240,0,0,0,1.0,1.0,1149.6
EXP-057,20240934,240,240,0,0,0,1.0,1.0,1154.5
EXP-057,20240935,240,240,0,0,0,1.0,1.0,1147.0
EXP-057,20240936,240,240,0,0,0,1.0,1.0,1170.9
EXP-057,20240937,240,240,0,0,0,1.0,1.0,1155.2
EXP-057,20240938,240,240,0,0,0,1.0,1.0,1147.7
EXP-057,20240939,240,240,0,0,0,1.0,1.0,1183.2
EXP-057,20240940,240,240,0,0,0,1.0,1.0,1187.9
EXP-057,20240941,240,240,0,0,0,1.0,1.0,1147.4
EXP-057,20240942,240,240,0,0,0,1.0,1.0,1222.7
EXP-058,20240923,60,23,37,0,0,1.0,0.383,4887.3
EXP-058,20240924,60,16,44,0,0,1.0,0.267,5536.3
EXP-058,20240925,60,24,36,0,0,1.0,0.4,4478.8
EXP-058,20240926,60,21,39,0,0,1.0,0.35,5282.5
EXP-058,20240927,60,16,44,0,0,1.0,0.267,5820.2
EXP-058,20240928,60,20,40,0,0,1.0,0.333,5015.0
EXP-058,20240929,60,25,35,0,0,1.0,0.417,4466.2
EXP-058,20240930,60,22,38,0,0,1.0,0.367,5149.7
EXP-058,20240931,60,19,41,0,0,1.0,0.317,4856.2
EXP-058,20240932,60,26,34,0,0,1.0,0.433,4631.3
EXP-058,20240933,60,18,42,0,0,1.0,0.3,5273.3
EXP-058,20240934,60,24,36,0,0,1.0,0.4,4318.8
EXP-058,20240935,60,22,38,0,0,1.0,0.367,621.8
EXP-058,20240936,60,21,39,0,0,1.0,0.35,5006.5
EXP-058,20240937,60,27,33,0,0,1.0,0.45,3924.8
EXP-058,20240938,60,30,30,0,0,1.0,0.5,3544.2
EXP-058,20240939,60,13,47,0,0,1.0,0.217,5376.5
EXP-058,20240940,60,23,37,0,0,1.0,0.383,4611.2
EXP-058,20240941,60,24,36,0,0,1.0,0.4,4600.8
EXP-058,20240942,60,20,40,0,0,1.0,0.333,4734.3
EXP-059,20240923,140,129,11,0,0,1.0,0.921,1624.1
EXP-059,20240924,140,119,21,0,0,1.0,0.85,1772.8
EXP-059,20240925,140,125,15,0,0,1.0,0.893,1836.2
EXP-059,20240926,140,126,14,0,0,1.0,0.9,1858.2
EXP-059,20240927,140,124,16,0,0,1.0,0.886,1837.2
EXP-059,20240928,140,128,12,0,0,1.0,0.914,1766.9
EXP-059,20240929,140,126,14,0,0,1.0,0.9,1864.2
EXP-059,20240930,140,127,13,0,0,1.0,0.907,1879.0
EXP-059,20240931,140,120,20,0,0,1.0,0.857,1788.0
EXP-059,20240932,140,127,13,0,0,1.0,0.907,1866.5
EXP-059,20240933,140,121,19,0,0,1.0,0.864,1800.6
EXP-059,20240934,140,121,19,0,0,1.0,0.864,1660.3
EXP-059,20240935,140,125,15,0,0,1.0,0.893,1853.4
EXP-059,20240936,140,123,17,0,0,1.0,0.879,1744.7
EXP-059,20240937,140,122,18,0,0,1.0,0.871,1699.8
EXP-059,20240938,140,121,19,0,0,1.0,0.864,1810.9
EXP-059,20240939,140,123,17,0,0,1.0,0.879,1827.9
EXP-059,20240940,140,126,14,0,0,1.0,0.9,1859.3
EXP-059,20240941,140,125,15,0,0,1.0,0.893,1851.3
EXP-059,20240942,140,126,14,0,0,1.0,0.9,1775.7
EXP-060,20240923,60,23,37,0,0,1.0,0.383,4887.3
EXP-060,20240924,60,16,44,0,0,1.0,0.267,5536.3
EXP-060,20240925,60,24,36,0,0,1.0,0.4,4478.8
EXP-060,20240926,60,21,39,0,0,1.0,0.35,5282.5
EXP-060,20240927,60,16,44,0,0,1.0,0.267,5820.2
EXP-060,20240928,60,20,40,0,0,1.0,0.333,5015.0
EXP-060,20240929,60,25,35,0,0,1.0,0.417,4466.2
EXP-060,20240930,60,22,38,0,0,1.0,0.367,5149.7
EXP-060,20240931,60,19,41,0,0,1.0,0.317,4856.2
EXP-060,20240932,60,26,34,0,0,1.0,0.433,4631.3
EXP-060,20240933,60,18,42,0,0,1.0,0.3,5273.3
EXP-060,20240934,60,24,36,0,0,1.0,0.4,4318.8
EXP-060,20240935,60,22,38,0,0,1.0,0.367,1671.8
EXP-060,20240936,60,21,39,0,0,1.0,0.35,5006.5
EXP-060,20240937,60,27,33,0,0,1.0,0.45,3924.8
EXP-060,20240938,60,30,30,0,0,1.0,0.5,3544.2
EXP-060,20240939,60,13,47,0,0,1.0,0.217,5376.5
EXP-060,20240940,60,23,37,0,0,1.0,0.383,4611.2
EXP-060,20240941,60,24,36,0,0,1.0,0.4,4600.8
EXP-060,20240942,60,20,40,0,0,1.0,0.333,4734.3
EXP-061,20240923,60,60,0,0,0,1.0,1.0,288.2
EXP-061,20240924,60,60,0,0,0,1.0,1.0,268.7
EXP-061,20240925,60,60,0,0,0,1.0,1.0,290.2
EXP-061,20240926,60,60,0,0,0,1.0,1.0,287.5
EXP-061,20240927,60,60,0,0,0,1.0,1.0,273.5
EXP-061,20240928,60,60,0,0,0,1.0,1.0,286.2
EXP-061,20240929,60,60,0,0,0,1.0,1.0,288.8
EXP-061,20240930,60,60,0,0,0,1.0,1.0,288.5
EXP-061,20240931,60,60,0,0,0,1.0,1.0,268.5
EXP-061,20240932,60,60,0,0,0,1.0,1.0,311.3
EXP-061,20240933,60,60,0,0,0,1.0,1.0,274.7
EXP-061,20240934,60,60,0,0,0,1.0,1.0,280.2
EXP-061,20240935,60,60,0,0,0,1.0,1.0,302.0
EXP-061,20240936,60,60,0,0,0,1.0,1.0,283.2
EXP-061,20240937,60,60,0,0,0,1.0,1.0,292.5
EXP-061,20240938,60,60,0,0,0,1.0,1.0,312.0
EXP-061,20240939,60,60,0,0,0,1.0,1.0,248.2
EXP-061,20240940,60,60,0,0,0,1.0,1.0,292.8
EXP-061,20240941,60,60,0,0,0,1.0,1.0,285.8
EXP-061,20240942,60,60,0,0,0,1.0,1.0,279.2
EXP-062,20240923,140,140,0,0,0,1.0,1.0,426.6
EXP-062,20240924,140,140,0,0,0,1.0,1.0,411.0
EXP-062,20240925,140,140,0,0,0,1.0,1.0,444.0
EXP-062,20240926,140,140,0,0,0,1.0,1.0,435.7
EXP-062,20240927,140,140,0,0,0,1.0,1.0,454.0
EXP-062,20240928,140,140,0,0,0,1.0,1.0,462.1
EXP-062,20240929,140,140,0,0,0,1.0,1.0,434.9
EXP-062,20240930,140,140,0,0,0,1.0,1.0,445.2
EXP-062,20240931,140,140,0,0,0,1.0,1.0,415.5
EXP-062,20240932,140,140,0,0,0,1.0,1.0,439.1
EXP-062,20240933,140,140,0,0,0,1.0,1.0,428.4
EXP-062,20240934,140,140,0,0,0,1.0,1.0,416.2
EXP-062,20240935,140,140,0,0,0,1.0,1.0,443.4
EXP-062,20240936,140,140,0,0,0,1.0,1.0,438.6
EXP-062,20240937,140,140,0,0,0,1.0,1.0,417.2
EXP-062,20240938,140,140,0,0,0,1.0,1.0,409.2
EXP-062,20240939,140,140,0,0,0,1.0,1.0,440.9
EXP-062,20240940,140,140,0,0,0,1.0,1.0,448.6
EXP-062,20240941,140,140,0,0,0,1.0,1.0,436.0
EXP-062,20240942,140,140,0,0,0,1.0,1.0,449.9
EXP-063,20240923,140,140,0,0,0,1.0,1.0,303.5
EXP-063,20240924,140,140,0,0,0,1.0,1.0,291.1
EXP-063,20240925,140,140,0,0,0,1.0,1.0,304.9
EXP-063,20240926,140,140,0,0,0,1.0,1.0,313.8
EXP-063,20240927,140,140,0,0,0,1.0,1.0,296.6
EXP-063,20240928,140,140,0,0,0,1.0,1.0,310.9
EXP-063,20240929,140,140,0,0,0,1.0,1.0,315.7
EXP-063,20240930,140,140,0,0,0,1.0,1.0,313.7
EXP-063,20240931,140,140,0,0,0,1.0,1.0,296.0
EXP-063,20240932,140,140,0,0,0,1.0,1.0,317.1
EXP-063,20240933,140,140,0,0,0,1.0,1.0,293.4
EXP-063,20240934,140,140,0,0,0,1.0,1.0,299.1
EXP-063,20240935,140,140,0,0,0,1.0,1.0,305.7
EXP-063,20240936,140,140,0,0,0,1.0,1.0,297.7
EXP-063,20240937,140,140,0,0,0,1.0,1.0,305.7
EXP-063,20240938,140,140,0,0,0,1.0,1.0,303.4
EXP-063,20240939,140,140,0,0,0,1.0,1.0,297.5
EXP-063,20240940,140,140,0,0,0,1.0,1.0,309.3
EXP-063,20240941,140,140,0,0,0,1.0,1.0,309.1
EXP-063,20240942,140,140,0,0,0,1.0,1.0,307.1
EXP-064,20240923,240,100,140,0,0,1.0,0.417,4363.4
EXP-064,20240924,240,104,136,0,0,1.0,0.433,4231.9
EXP-064,20240925,240,99,141,0,0,1.0,0.412,4404.6
EXP-064,20240926,240,110,130,0,0,1.0,0.458,4181.6
EXP-064,20240927,240,88,152,0,0,1.0,0.367,4790.7
EXP-064,20240928,240,93,147,0,0,1.0,0.388,4696.0
EXP-064,20240929,240,109,131,0,0,1.0,0.454,4115.3
EXP-064,20240930,240,103,137,0,0,1.0,0.429,4344.8
EXP-064,20240931,240,111,129,0,0,1.0,0.463,4109.0
EXP-064,20240932,240,103,137,0,0,1.0,0.429,4276.0
EXP-064,20240933,240,100,140,0,0,1.0,0.417,4400.8
EXP-064,20240934,240,111,129,0,0,1.0,0.463,4124.7
EXP-064,20240935,240,105,135,0,0,1.0,0.438,4204.1
EXP-064,20240936,240,99,141,0,0,1.0,0.412,4527.2
EXP-064,20240937,240,112,128,0,0,1.0,0.467,3955.0
EXP-064,20240938,240,105,135,0,0,1.0,0.438,4302.1
EXP-064,20240939,240,84,156,0,0,1.0,0.35,4897.7
EXP-064,20240940,240,97,143,0,0,1.0,0.404,4484.6
EXP-064,20240941,240,107,133,0,0,1.0,0.446,4140.5
EXP-064,20240942,240,99,141,0,0,1.0,0.412,4443.2
EXP-065,20240923,240,240,0,0,0,1.0,1.0,320.8
EXP-065,20240924,240,240,0,0,0,1.0,1.0,309.2
EXP-065,20240925,240,240,0,0,0,1.0,1.0,328.4
EXP-065,20240926,240,240,0,0,0,1.0,1.0,331.4
EXP-065,20240927,240,240,0,0,0,1.0,1.0,327.5
EXP-065,20240928,240,240,0,0,0,1.0,1.0,320.0
EXP-065,20240929,240,240,0,0,0,1.0,1.0,327.4
EXP-065,20240930,240,240,0,0,0,1.0,1.0,333.2
EXP-065,20240931,240,240,0,0,0,1.0,1.0,319.5
EXP-065,20240932,240,240,0,0,0,1.0,1.0,337.9
EXP-065,20240933,240,240,0,0,0,1.0,1.0,310.0
EXP-065,20240934,240,240,0,0,0,1.0,1.0,317.2
EXP-065,20240935,240,240,0,0,0,1.0,1.0,313.8
EXP-065,20240936,240,240,0,0,0,1.0,1.0,321.1
EXP-065,20240937,240,240,0,0,0,1.0,1.0,323.9
EXP-065,20240938,240,240,0,0,0,1.0,1.0,318.5
EXP-065,20240939,240,240,0,0,0,1.0,1.0,318.4
EXP-065,20240940,240,240,0,0,0,1.0,1.0,330.2
EXP-065,20240941,240,240,0,0,0,1.0,1.0,319.9
EXP-065,20240942,240,240,0,0,0,1.0,1.0,338.2
EXP-066,20240923,60,56,4,0,0,1.0,0.933,1842.0
EXP-066,20240924,60,24,36,0,0,1.0,0.4,5313.0
EXP-066,20240925,60,56,4,0,0,1.0,0.933,1770.8
EXP-066,20240926,60,57,3,0,0,1.0,0.95,1868.2
EXP-066,20240927,60,57,3,0,0,1.0,0.95,1838.7
EXP-066,20240928,60,25,35,0,0,1.0,0.417,5354.7
EXP-066,20240929,60,55,5,0,0,1.0,0.917,1780.7
EXP-066,20240930,60,57,3,0,0,1.0,0.95,1828.2
EXP-066,20240931,60,22,38,0,0,1.0,0.367,5262.2
EXP-066,20240932,60,27,33,0,0,1.0,0.45,5418.8
EXP-066,20240933,60,24,36,0,0,1.0,0.4,5310.7
EXP-066,20240934,60,53,7,0,0,1.0,0.883,1757.2
EXP-066,20240935,60,28,32,0,0,1.0,0.467,5464.7
EXP-066,20240936,60,24,36,0,0,1.0,0.4,5377.0
EXP-066,20240937,60,54,6,0,0,1.0,0.9,1781.5
EXP-066,20240938,60,30,30,0,0,1.0,0.5,4798.3
EXP-066,20240939,60,21,39,0,0,1.0,0.35,5195.8
EXP-066,20240940,60,25,35,0,0,1.0,0.417,5351.8
EXP-066,20240941,60,55,5,0,0,1.0,0.917,1765.2
EXP-066,20240942,60,24,36,0,0,1.0,0.4,5301.5
EXP-067,20240923,140,140,0,0,0,1.0,1.0,426.6
EXP-067,20240924,140,140,0,0,0,1.0,1.0,412.1
EXP-067,20240925,140,140,0,0,0,1.0,1.0,444.0
EXP-067,20240926,140,140,0,0,0,1.0,1.0,435.7
EXP-067,20240927,140,140,0,0,0,1.0,1.0,454.0
EXP-067,20240928,140,140,0,0,0,1.0,1.0,463.9
EXP-067,20240929,140,140,0,0,0,1.0,1.0,433.6
EXP-067,20240930,140,140,0,0,0,1.0,1.0,445.2
EXP-067,20240931,140,140,0,0,0,1.0,1.0,415.5
EXP-067,20240932,140,140,0,0,0,1.0,1.0,440.3
EXP-067,20240933,140,140,0,0,0,1.0,1.0,428.4
EXP-067,20240934,140,140,0,0,0,1.0,1.0,416.2
EXP-067,20240935,140,140,0,0,0,1.0,1.0,443.4
EXP-067,20240936,140,140,0,0,0,1.0,1.0,438.6
EXP-067,20240937,140,140,0,0,0,1.0,1.0,415.9
EXP-067,20240938,140,140,0,0,0,1.0,1.0,409.2
EXP-067,20240939,140,140,0,0,0,1.0,1.0,440.9
EXP-067,20240940,140,140,0,0,0,1.0,1.0,448.6
EXP-067,20240941,140,140,0,0,0,1.0,1.0,434.8
EXP-067,20240942,140,140,0,0,0,1.0,1.0,449.9
EXP-068,20240923,240,217,23,0,0,1.0,0.904,1727.9
EXP-068,20240924,240,211,29,0,0,1.0,0.879,1796.2
EXP-068,20240925,240,221,19,0,0,1.0,0.921,1811.0
EXP-068,20240926,240,218,22,0,0,1.0,0.908,1829.6
EXP-068,20240927,240,224,16,0,0,1.0,0.933,1922.0
EXP-068,20240928,240,219,21,0,0,1.0,0.912,1745.2
EXP-068,20240929,240,217,23,0,0,1.0,0.904,1826.8
EXP-068,20240930,240,222,18,0,0,1.0,0.925,1752.0
EXP-068,20240931,240,213,27,0,0,1.0,0.887,1815.2
EXP-068,20240932,240,223,17,0,0,1.0,0.929,1735.6
EXP-068,20240933,240,213,27,0,0,1.0,0.887,1819.5
EXP-068,20240934,240,214,26,0,0,1.0,0.892,1679.0
EXP-068,20240935,240,213,27,0,0,1.0,0.887,1819.2
EXP-068,20240936,240,217,23,0,0,1.0,0.904,1733.0
EXP-068,20240937,240,214,26,0,0,1.0,0.892,1674.9
EXP-068,20240938,240,215,25,0,0,1.0,0.896,1814.2
EXP-068,20240939,240,220,20,0,0,1.0,0.917,1781.9
EXP-068,20240940,240,221,19,0,0,1.0,0.921,1881.8
EXP-068,20240941,240,214,26,0,0,1.0,0.892,1818.1
EXP-068,20240942,240,224,16,0,0,1.0,0.933,1751.2
EXP-069,20240923,240,136,104,0,0,1.0,0.567,2890.3
EXP-069,20240924,240,140,100,0,0,1.0,0.583,2745.1
EXP-069,20240925,240,135,105,0,0,1.0,0.562,2932.0
EXP-069,20240926,240,146,94,0,0,1.0,0.608,2557.4
EXP-069,20240927,240,124,116,0,0,1.0,0.517,3306.7
EXP-069,20240928,240,129,111,0,0,1.0,0.537,3129.1
EXP-069,20240929,240,145,95,0,0,1.0,0.604,2589.2
EXP-069,20240930,240,139,101,0,0,1.0,0.579,2800.5
EXP-069,20240931,240,147,93,0,0,1.0,0.613,2514.4
EXP-069,20240932,240,139,101,0,0,1.0,0.579,2801.5
EXP-069,20240933,240,136,104,0,0,1.0,0.567,2883.5
EXP-069,20240934,240,147,93,0,0,1.0,0.613,2518.3
EXP-069,20240935,240,141,99,0,0,1.0,0.588,2715.6
EXP-069,20240936,240,135,105,0,0,1.0,0.562,2923.5
EXP-069,20240937,240,148,92,0,0,1.0,0.617,2482.3
EXP-069,20240938,240,141,99,0,0,1.0,0.588,2719.5
EXP-069,20240939,240,120,120,0,0,1.0,0.5,3434.0
EXP-069,20240940,240,133,107,0,0,1.0,0.554,2997.6
EXP-069,20240941,240,143,97,0,0,1.0,0.596,2649.8
EXP-069,20240942,240,135,105,0,0,1.0,0.562,2936.9
EXP-070,20240923,140,50,90,0,0,1.0,0.357,4997.2
EXP-070,20240924,140,47,93,0,0,1.0,0.336,4742.5
EXP-070,20240925,140,47,93,0,0,1.0,0.336,5169.1
EXP-070,20240926,140,54,86,0,0,1.0,0.386,4941.3
EXP-070,20240927,140,40,100,0,0,1.0,0.286,5443.3
EXP-070,20240928,140,46,94,0,0,1.0,0.329,5347.5
EXP-070,20240929,140,57,83,0,0,1.0,0.407,4772.1
EXP-070,20240930,140,52,88,0,0,1.0,0.371,5061.7
EXP-070,20240931,140,49,91,0,0,1.0,0.35,4630.3
EXP-070,20240932,140,56,84,0,0,1.0,0.4,4716.8
EXP-070,20240933,140,44,96,0,0,1.0,0.314,5092.1
EXP-070,20240934,140,51,89,0,0,1.0,0.364,4812.1
EXP-070,20240935,140,47,93,0,0,1.0,0.336,5050.1
EXP-070,20240936,140,44,96,0,0,1.0,0.314,5273.1
EXP-070,20240937,140,56,84,0,0,1.0,0.4,4527.6
EXP-070,20240938,140,56,84,0,0,1.0,0.4,4238.6
EXP-070,20240939,140,43,97,0,0,1.0,0.307,5156.4
EXP-070,20240940,140,49,91,0,0,1.0,0.35,4995.1
EXP-070,20240941,140,52,88,0,0,1.0,0.371,4823.8
EXP-070,20240942,140,47,93,0,0,1.0,0.336,5051.0
EXP-071,20240923,140,140,0,0,0,1.0,1.0,426.6
EXP-071,20240924,140,140,0,0,0,1.0,1.0,411.0
EXP-071,20240925,140,140,0,0,0,1.0,1.0,444.0
EXP-071,20240926,140,140,0,0,0,1.0,1.0,435.7
EXP-071,20240927,140,140,0,0,0,1.0,1.0,454.0
EXP-071,20240928,140,140,0,0,0,1.0,1.0,463.0
EXP-071,20240929,140,140,0,0,0,1.0,1.0,434.9
EXP-071,20240930,140,140,0,0,0,1.0,1.0,446.2
EXP-071,20240931,140,140,0,0,0,1.0,1.0,415.5
EXP-071,20240932,140,140,0,0,0,1.0,1.0,440.3
EXP-071,20240933,140,140,0,0,0,1.0,1.0,428.4
EXP-071,20240934,140,140,0,0,0,1.0,1.0,416.2
EXP-071,20240935,140,140,0,0,0,1.0,1.0,443.4
EXP-071,20240936,140,140,0,0,0,1.0,1.0,439.6
EXP-071,20240937,140,140,0,0,0,1.0,1.0,417.2
EXP-071,20240938,140,140,0,0,0,1.0,1.0,409.2
EXP-071,20240939,140,140,0,0,0,1.0,1.0,440.9
EXP-071,20240940,140,140,0,0,0,1.0,1.0,448.6
EXP-071,20240941,140,140,0,0,0,1.0,1.0,434.8
EXP-071,20240942,140,140,0,0,0,1.0,1.0,452.0
EXP-072,20240923,240,223,17,0,0,1.0,0.929,955.4
EXP-072,20240924,240,217,23,0,0,1.0,0.904,919.8
EXP-072,20240925,240,227,13,0,0,1.0,0.946,960.8
EXP-072,20240926,240,224,16,0,0,1.0,0.933,954.8
EXP-072,20240927,240,230,10,0,0,1.0,0.958,973.5
EXP-072,20240928,240,225,15,0,0,1.0,0.938,956.0
EXP-072,20240929,240,223,17,0,0,1.0,0.929,948.0
EXP-072,20240930,240,228,12,0,0,1.0,0.95,967.2
EXP-072,20240931,240,219,21,0,0,1.0,0.912,945.4
EXP-072,20240932,240,229,11,0,0,1.0,0.954,975.5
EXP-072,20240933,240,219,21,0,0,1.0,0.912,926.8
EXP-072,20240934,240,220,20,0,0,1.0,0.917,928.4
EXP-072,20240935,240,219,21,0,0,1.0,0.912,930.0
EXP-072,20240936,240,223,17,0,0,1.0,0.929,952.5
EXP-072,20240937,240,220,20,0,0,1.0,0.917,929.2
EXP-072,20240938,240,221,19,0,0,1.0,0.921,922.0
EXP-072,20240939,240,226,14,0,0,1.0,0.942,956.0
EXP-072,20240940,240,227,13,0,0,1.0,0.946,962.5
EXP-072,20240941,240,220,20,0,0,1.0,0.917,928.5
EXP-072,20240942,240,230,10,0,0,1.0,0.958,986.7
EXP-073,20240923,60,56,4,0,0,1.0,0.933,1775.2
EXP-073,20240924,60,24,36,0,0,1.0,0.4,5307.7
EXP-073,20240925,60,24,36,0,0,1.0,0.4,5263.3
EXP-073,20240926,60,57,3,0,0,1.0,0.95,1773.7
EXP-073,20240927,60,25,35,0,0,1.0,0.417,5315.7
EXP-073,20240928,60,25,35,0,0,1.0,0.417,5214.5
EXP-073,20240929,60,55,5,0,0,1.0,0.917,1735.7
EXP-073,20240930,60,57,3,0,0,1.0,0.95,1782.5
EXP-073,20240931,60,22,38,0,0,1.0,0.367,5247.0
EXP-073,20240932,60,27,33,0,0,1.0,0.45,5394.0
EXP-073,20240933,60,24,36,0,0,1.0,0.4,5312.2
EXP-073,20240934,60,53,7,0,0,1.0,0.883,1673.3
EXP-073,20240935,60,28,32,0,0,1.0,0.467,5413.5
EXP-073,20240936,60,24,36,0,0,1.0,0.4,5361.7
EXP-073,20240937,60,54,6,0,0,1.0,0.9,1733.8
EXP-073,20240938,60,30,30,0,0,1.0,0.5,4816.0
EXP-073,20240939,60,21,39,0,0,1.0,0.35,5192.5
EXP-073,20240940,60,25,35,0,0,1.0,0.417,5337.7
EXP-073,20240941,60,55,5,0,0,1.0,0.917,1724.8
EXP-073,20240942,60,24,36,0,0,1.0,0.4,5293.8
EXP-074,20240923,60,60,0,0,0,1.0,1.0,273.5
EXP-074,20240924,60,60,0,0,0,1.0,1.0,250.0
EXP-074,20240925,60,60,0,0,0,1.0,1.0,275.2
EXP-074,20240926,60,60,0,0,0,1.0,1.0,274.8
EXP-074,20240927,60,60,0,0,0,1.0,1.0,257.8
EXP-074,20240928,60,60,0,0,0,1.0,1.0,274.8
EXP-074,20240929,60,60,0,0,0,1.0,1.0,274.0
EXP-074,20240930,60,60,0,0,0,1.0,1.0,273.5
EXP-074,20240931,60,60,0,0,0,1.0,1.0,255.0
EXP-074,20240932,60,60,0,0,0,1.0,1.0,297.0
EXP-074,20240933,60,60,0,0,0,1.0,1.0,259.0
EXP-074,20240934,60,60,0,0,0,1.0,1.0,269.5
EXP-074,20240935,60,60,0,0,0,1.0,1.0,288.8
EXP-074,20240936,60,60,0,0,0,1.0,1.0,265.2
EXP-074,20240937,60,60,0,0,0,1.0,1.0,278.5
EXP-074,20240938,60,60,0,0,0,1.0,1.0,300.8
EXP-074,20240939,60,60,0,0,0,1.0,1.0,230.2
EXP-074,20240940,60,59,1,0,0,1.0,0.983,282.3
EXP-074,20240941,60,60,0,0,0,1.0,1.0,272.2
EXP-074,20240942,60,60,0,0,0,1.0,1.0,263.3
EXP-075,20240923,240,240,0,0,0,1.0,1.0,334.0
EXP-075,20240924,240,240,0,0,0,1.0,1.0,321.0
EXP-075,20240925,240,240,0,0,0,1.0,1.0,341.0
EXP-075,20240926,240,240,0,0,0,1.0,1.0,346.1
EXP-075,20240927,240,240,0,0,0,1.0,1.0,338.9
EXP-075,20240928,240,240,0,0,0,1.0,1.0,331.4
EXP-075,20240929,240,240,0,0,0,1.0,1.0,341.4
EXP-075,20240930,240,240,0,0,0,1.0,1.0,346.7
EXP-075,20240931,240,240,0,0,0,1.0,1.0,332.9
EXP-075,20240932,240,240,0,0,0,1.0,1.0,352.7
EXP-075,20240933,240,240,0,0,0,1.0,1.0,321.9
EXP-075,20240934,240,240,0,0,0,1.0,1.0,329.5
EXP-075,20240935,240,240,0,0,0,1.0,1.0,325.8
EXP-075,20240936,240,240,0,0,0,1.0,1.0,333.7
EXP-075,20240937,240,240,0,0,0,1.0,1.0,338.7
EXP-075,20240938,240,240,0,0,0,1.0,1.0,331.4
EXP-075,20240939,240,240,0,0,0,1.0,1.0,329.7
EXP-075,20240940,240,240,0,0,0,1.0,1.0,344.2
EXP-075,20240941,240,240,0,0,0,1.0,1.0,332.7
EXP-075,20240942,240,240,0,0,0,1.0,1.0,352.8
EXP-076,20240923,240,86,154,0,0,1.0,0.358,5636.5
EXP-076,20240924,240,104,136,0,0,1.0,0.433,1588.6
EXP-076,20240925,240,89,151,0,0,1.0,0.371,5474.3
EXP-076,20240926,240,110,130,0,0,1.0,0.458,1573.8
EXP-076,20240927,240,88,152,0,0,1.0,0.367,1739.6
EXP-076,20240928,240,93,147,0,0,1.0,0.388,1687.9
EXP-076,20240929,240,109,131,0,0,1.0,0.454,1581.3
EXP-076,20240930,240,103,137,0,0,1.0,0.429,1634.0
EXP-076,20240931,240,111,129,0,0,1.0,0.463,1520.0
EXP-076,20240932,240,103,137,0,0,1.0,0.429,1626.0
EXP-076,20240933,240,100,140,0,0,1.0,0.417,1627.4
EXP-076,20240934,240,111,129,0,0,1.0,0.463,1559.4
EXP-076,20240935,240,105,135,0,0,1.0,0.438,1569.8
EXP-076,20240936,240,99,141,0,0,1.0,0.412,1652.2
EXP-076,20240937,240,112,128,0,0,1.0,0.467,1541.1
EXP-076,20240938,240,105,135,0,0,1.0,0.438,1573.5
EXP-076,20240939,240,84,156,0,0,1.0,0.35,1762.9
EXP-076,20240940,240,97,143,0,0,1.0,0.404,1659.9
EXP-076,20240941,240,107,133,0,0,1.0,0.446,1589.8
EXP-076,20240942,240,99,141,0,0,1.0,0.412,1641.9
EXP-077,20240923,140,140,0,0,0,1.0,1.0,295.1
EXP-077,20240924,140,140,0,0,0,1.0,1.0,284.0
EXP-077,20240925,140,140,0,0,0,1.0,1.0,296.6
EXP-077,20240926,140,140,0,0,0,1.0,1.0,306.2
EXP-077,20240927,140,140,0,0,0,1.0,1.0,286.4
EXP-077,20240928,140,140,0,0,0,1.0,1.0,301.1
EXP-077,20240929,140,140,0,0,0,1.0,1.0,308.8
EXP-077,20240930,140,140,0,0,0,1.0,1.0,305.5
EXP-077,20240931,140,140,0,0,0,1.0,1.0,287.8
EXP-077,20240932,140,140,0,0,0,1.0,1.0,309.8
EXP-077,20240933,140,140,0,0,0,1.0,1.0,284.5
EXP-077,20240934,140,140,0,0,0,1.0,1.0,292.6
EXP-077,20240935,140,140,0,0,0,1.0,1.0,296.6
EXP-077,20240936,140,140,0,0,0,1.0,1.0,288.6
EXP-077,20240937,140,140,0,0,0,1.0,1.0,299.4
EXP-077,20240938,140,140,0,0,0,1.0,1.0,297.6
EXP-077,20240939,140,140,0,0,0,1.0,1.0,287.6
EXP-077,20240940,140,140,0,0,0,1.0,1.0,300.2
EXP-077,20240941,140,140,0,0,0,1.0,1.0,301.9
EXP-077,20240942,140,140,0,0,0,1.0,1.0,298.3
EXP-078,20240923,60,56,4,0,0,1.0,0.933,1068.5
EXP-078,20240924,60,56,4,0,0,1.0,0.933,887.3
EXP-078,20240925,60,56,4,0,0,1.0,0.933,898.3
EXP-078,20240926,60,57,3,0,0,1.0,0.95,1055.0
EXP-078,20240927,60,57,3,0,0,1.0,0.95,911.0
EXP-078,20240928,60,57,3,0,0,1.0,0.95,928.2
EXP-078,20240929,60,55,5,0,0,1.0,0.917,1034.7
EXP-078,20240930,60,57,3,0,0,1.0,0.95,1072.7
EXP-078,20240931,60,54,6,0,0,1.0,0.9,878.0
EXP-078,20240932,60,59,1,0,0,1.0,0.983,965.5
EXP-078,20240933,60,56,4,0,0,1.0,0.933,902.7
EXP-078,20240934,60,53,7,0,0,1.0,0.883,1006.7
EXP-078,20240935,60,60,0,0,0,1.0,1.0,973.5
EXP-078,20240936,60,56,4,0,0,1.0,0.933,915.3
EXP-078,20240937,60,54,6,0,0,1.0,0.9,888.3
EXP-078,20240938,60,57,3,0,0,1.0,0.95,940.7
EXP-078,20240939,60,53,7,0,0,1.0,0.883,837.0
EXP-078,20240940,60,57,3,0,0,1.0,0.95,920.0
EXP-078,20240941,60,55,5,0,0,1.0,0.917,1007.7
EXP-078,20240942,60,56,4,0,0,1.0,0.933,899.3
EXP-079,20240923,240,240,0,0,0,1.0,1.0,942.2
EXP-079,20240924,240,240,0,0,0,1.0,1.0,897.7
EXP-079,20240925,240,240,0,0,0,1.0,1.0,949.2
EXP-079,20240926,240,240,0,0,0,1.0,1.0,935.6
EXP-079,20240927,240,240,0,0,0,1.0,1.0,963.1
EXP-079,20240928,240,240,0,0,0,1.0,1.0,947.2
EXP-079,20240929,240,240,0,0,0,1.0,1.0,933.2
EXP-079,20240930,240,240,0,0,0,1.0,1.0,956.1
EXP-079,20240931,240,240,0,0,0,1.0,1.0,932.1
EXP-079,20240932,240,240,0,0,0,1.0,1.0,971.3
EXP-079,20240933,240,240,0,0,0,1.0,1.0,917.0
EXP-079,20240934,240,240,0,0,0,1.0,1.0,917.5
EXP-079,20240935,240,240,0,0,0,1.0,1.0,916.7
EXP-079,20240936,240,240,0,0,0,1.0,1.0,946.4
EXP-079,20240937,240,240,0,0,0,1.0,1.0,923.8
EXP-079,20240938,240,240,0,0,0,1.0,1.0,913.5
EXP-079,20240939,240,240,0,0,0,1.0,1.0,941.4
EXP-079,20240940,240,240,0,0,0,1.0,1.0,943.1
EXP-079,20240941,240,240,0,0,0,1.0,1.0,910.4
EXP-079,20240942,240,240,0,0,0,1.0,1.0,973.1
EXP-080,20240923,60,27,33,0,0,1.0,0.45,1274.3
EXP-080,20240924,60,20,40,0,0,1.0,0.333,1375.3
EXP-080,20240925,60,28,32,0,0,1.0,0.467,1196.5
EXP-080,20240926,60,24,36,0,0,1.0,0.4,1341.7
EXP-080,20240927,60,19,41,0,0,1.0,0.317,1440.7
EXP-080,20240928,60,23,37,0,0,1.0,0.383,1317.3
EXP-080,20240929,60,30,30,0,0,1.0,0.5,1182.3
EXP-080,20240930,60,25,35,0,0,1.0,0.417,1317.2
EXP-080,20240931,60,25,35,0,0,1.0,0.417,1242.7
EXP-080,20240932,60,27,33,0,0,1.0,0.45,1256.0
EXP-080,20240933,60,22,38,0,0,1.0,0.367,1356.7
EXP-080,20240934,60,31,29,0,0,1.0,0.517,1157.8
EXP-080,20240935,60,22,38,0,0,1.0,0.367,1166.7
EXP-080,20240936,60,25,35,0,0,1.0,0.417,1301.2
EXP-080,20240937,60,33,27,0,0,1.0,0.55,1116.7
EXP-080,20240938,60,33,27,0,0,1.0,0.55,1105.3
EXP-080,20240939,60,20,40,0,0,1.0,0.333,1381.5
EXP-080,20240940,60,25,35,0,0,1.0,0.417,1256.7
EXP-080,20240941,60,29,31,0,0,1.0,0.483,1206.3
EXP-080,20240942,60,24,36,0,0,1.0,0.4,1257.5
EXP-081,20240923,240,234,6,0,0,1.0,0.975,782.0
EXP-081,20240924,240,234,6,0,0,1.0,0.975,752.5
EXP-081,20240925,240,234,6,0,0,1.0,0.975,796.9
EXP-081,20240926,240,236,4,0,0,1.0,0.983,694.5
EXP-081,20240927,240,234,6,0,0,1.0,0.975,843.0
EXP-081,20240928,240,234,6,0,0,1.0,0.975,811.2
EXP-081,20240929,240,235,5,0,0,1.0,0.979,724.3
EXP-081,20240930,240,234,6,0,0,1.0,0.975,787.5
EXP-081,20240931,240,237,3,0,0,1.0,0.988,647.5
EXP-081,20240932,240,234,6,0,0,1.0,0.975,789.5
EXP-081,20240933,240,234,6,0,0,1.0,0.975,771.6
EXP-081,20240934,240,237,3,0,0,1.0,0.988,652.4
EXP-081,20240935,240,234,6,0,0,1.0,0.975,755.1
EXP-081,20240936,240,234,6,0,0,1.0,0.975,784.8
EXP-081,20240937,240,238,2,0,0,1.0,0.992,617.4
EXP-081,20240938,240,234,6,0,0,1.0,0.975,760.8
EXP-081,20240939,240,234,6,0,0,1.0,0.975,847.7
EXP-081,20240940,240,234,6,0,0,1.0,0.975,801.9
EXP-081,20240941,240,234,6,0,0,1.0,0.975,750.8
EXP-081,20240942,240,234,6,0,0,1.0,0.975,804.5
EXP-082,20240923,240,240,0,0,0,1.0,1.0,944.4
EXP-082,20240924,240,240,0,0,0,1.0,1.0,935.0
EXP-082,20240925,240,240,0,0,0,1.0,1.0,958.5
EXP-082,20240926,240,240,0,0,0,1.0,1.0,927.0
EXP-082,20240927,240,240,0,0,0,1.0,1.0,1047.0
EXP-082,20240928,240,240,0,0,0,1.0,1.0,974.1
EXP-082,20240929,240,240,0,0,0,1.0,1.0,935.2
EXP-082,20240930,240,240,0,0,0,1.0,1.0,946.4
EXP-082,20240931,240,240,0,0,0,1.0,1.0,930.2
EXP-082,20240932,240,240,0,0,0,1.0,1.0,941.2
EXP-082,20240933,240,240,0,0,0,1.0,1.0,970.8
EXP-082,20240934,240,240,0,0,0,1.0,1.0,888.8
EXP-082,20240935,240,240,0,0,0,1.0,1.0,933.8
EXP-082,20240936,240,240,0,0,0,1.0,1.0,941.5
EXP-082,20240937,240,240,0,0,0,1.0,1.0,874.8
EXP-082,20240938,240,240,0,0,0,1.0,1.0,933.1
EXP-082,20240939,240,240,0,0,0,1.0,1.0,1026.5
EXP-082,20240940,240,240,0,0,0,1.0,1.0,1006.8
EXP-082,20240941,240,240,0,0,0,1.0,1.0,946.4
EXP-082,20240942,240,240,0,0,0,1.0,1.0,960.3
EXP-083,20240923,60,56,4,0,0,1.0,0.933,1369.0
EXP-083,20240924,60,56,4,0,0,1.0,0.933,1113.2
EXP-083,20240925,60,56,4,0,0,1.0,0.933,1136.3
EXP-083,20240926,60,57,3,0,0,1.0,0.95,1372.7
EXP-083,20240927,60,57,3,0,0,1.0,0.95,1139.8
EXP-083,20240928,60,57,3,0,0,1.0,0.95,1159.0
EXP-083,20240929,60,55,5,0,0,1.0,0.917,1334.5
EXP-083,20240930,60,57,3,0,0,1.0,0.95,1376.0
EXP-083,20240931,60,54,6,0,0,1.0,0.9,1104.8
EXP-083,20240932,60,59,1,0,0,1.0,0.983,1229.8
EXP-083,20240933,60,56,4,0,0,1.0,0.933,1150.7
EXP-083,20240934,60,53,7,0,0,1.0,0.883,1277.0
EXP-083,20240935,60,60,0,0,0,1.0,1.0,1223.5
EXP-083,20240936,60,56,4,0,0,1.0,0.933,1150.7
EXP-083,20240937,60,54,6,0,0,1.0,0.9,1314.8
EXP-083,20240938,60,57,3,0,0,1.0,0.95,1183.0
EXP-083,20240939,60,53,7,0,0,1.0,0.883,1057.2
EXP-083,20240940,60,57,3,0,0,1.0,0.95,1179.3
EXP-083,20240941,60,55,5,0,0,1.0,0.917,1317.3
EXP-083,20240942,60,56,4,0,0,1.0,0.933,1133.7
EXP-084,20240923,60,56,4,0,0,1.0,0.933,959.7
EXP-084,20240924,60,56,4,0,0,1.0,0.933,783.7
EXP-084,20240925,60,56,4,0,0,1.0,0.933,937.2
EXP-084,20240926,60,57,3,0,0,1.0,0.95,979.0
EXP-084,20240927,60,57,3,0,0,1.0,0.95,963.3
EXP-084,20240928,60,57,3,0,0,1.0,0.95,776.8
EXP-084,20240929,60,55,5,0,0,1.0,0.917,912.5
EXP-084,20240930,60,57,3,0,0,1.0,0.95,943.8
EXP-084,20240931,60,54,6,0,0,1.0,0.9,745.5
EXP-084,20240932,60,59,1,0,0,1.0,0.983,851.8
EXP-084,20240933,60,56,4,0,0,1.0,0.933,778.3
EXP-084,20240934,60,53,7,0,0,1.0,0.883,886.8
EXP-084,20240935,60,60,0,0,0,1.0,1.0,874.7
EXP-084,20240936,60,56,4,0,0,1.0,0.933,770.0
EXP-084,20240937,60,54,6,0,0,1.0,0.9,909.0
EXP-084,20240938,60,57,3,0,0,1.0,0.95,828.8
EXP-084,20240939,60,53,7,0,0,1.0,0.883,740.5
EXP-084,20240940,60,57,3,0,0,1.0,0.95,816.5
EXP-084,20240941,60,55,5,0,0,1.0,0.917,919.7
EXP-084,20240942,60,56,4,0,0,1.0,0.933,787.3
EXP-085,20240923,60,56,4,0,0,1.0,0.933,2705.2
EXP-085,20240924,60,50,10,0,0,1.0,0.833,3038.0
EXP-085,20240925,60,50,10,0,0,1.0,0.833,2998.0
EXP-085,20240926,60,57,3,0,0,1.0,0.95,2738.2
EXP-085,20240927,60,51,9,0,0,1.0,0.85,3072.8
EXP-085,20240928,60,51,9,0,0,1.0,0.85,3044.7
EXP-085,20240929,60,55,5,0,0,1.0,0.917,2799.2
EXP-085,20240930,60,57,3,0,0,1.0,0.95,2857.2
EXP-085,20240931,60,48,12,0,0,1.0,0.8,2951.0
EXP-085,20240932,60,53,7,0,0,1.0,0.883,3165.8
EXP-085,20240933,60,50,10,0,0,1.0,0.833,3050.0
EXP-085,20240934,60,53,7,0,0,1.0,0.883,2991.7
EXP-085,20240935,60,54,6,0,0,1.0,0.9,3197.5
EXP-085,20240936,60,50,10,0,0,1.0,0.833,3041.8
EXP-085,20240937,60,54,6,0,0,1.0,0.9,3210.2
EXP-085,20240938,60,51,9,0,0,1.0,0.85,3170.5
EXP-085,20240939,60,47,13,0,0,1.0,0.783,2913.5
EXP-085,20240940,60,51,9,0,0,1.0,0.85,3072.8
EXP-085,20240941,60,55,5,0,0,1.0,0.917,2797.8
EXP-085,20240942,60,50,10,0,0,1.0,0.833,3039.5
EXP-086,20240923,240,223,17,0,0,1.0,0.929,1909.9
EXP-086,20240924,240,185,55,0,0,1.0,0.771,2443.7
EXP-086,20240925,240,195,45,0,0,1.0,0.812,2499.8
EXP-086,20240926,240,224,16,0,0,1.0,0.933,1870.3
EXP-086,20240927,240,198,42,0,0,1.0,0.825,2528.4
EXP-086,20240928,240,193,47,0,0,1.0,0.804,2360.3
EXP-086,20240929,240,223,17,0,0,1.0,0.929,1898.1
EXP-086,20240930,240,196,44,0,0,1.0,0.817,2518.2
EXP-086,20240931,240,187,53,0,0,1.0,0.779,2476.5
EXP-086,20240932,240,197,43,0,0,1.0,0.821,2521.7
EXP-086,20240933,240,187,53,0,0,1.0,0.779,2444.0
EXP-086,20240934,240,220,20,0,0,1.0,0.917,1715.3
EXP-086,20240935,240,187,53,0,0,1.0,0.779,2473.4
EXP-086,20240936,240,191,49,0,0,1.0,0.796,2472.7
EXP-086,20240937,240,188,52,0,0,1.0,0.783,2461.3
EXP-086,20240938,240,189,51,0,0,1.0,0.787,2458.5
EXP-086,20240939,240,194,46,0,0,1.0,0.808,2481.2
EXP-086,20240940,240,195,45,0,0,1.0,0.812,2510.8
EXP-086,20240941,240,220,20,0,0,1.0,0.917,1877.9
EXP-086,20240942,240,198,42,0,0,1.0,0.825,2395.0
EXP-087,20240923,140,67,73,0,0,1.0,0.479,2527.8
EXP-087,20240924,140,66,74,0,0,1.0,0.471,2509.5
EXP-087,20240925,140,64,76,0,0,1.0,0.457,2537.9
EXP-087,20240926,140,76,64,0,0,1.0,0.543,2551.4
EXP-087,20240927,140,66,74,0,0,1.0,0.471,2540.1
EXP-087,20240928,140,66,74,0,0,1.0,0.471,2570.1
EXP-087,20240929,140,74,66,0,0,1.0,0.529,2556.4
EXP-087,20240930,140,74,66,0,0,1.0,0.529,2550.6
EXP-087,20240931,140,71,69,0,0,1.0,0.507,2514.6
EXP-087,20240932,140,77,63,0,0,1.0,0.55,2550.8
EXP-087,20240933,140,64,76,0,0,1.0,0.457,2519.1
EXP-087,20240934,140,66,74,0,0,1.0,0.471,2519.9
EXP-087,20240935,140,75,65,0,0,1.0,0.536,2542.1
EXP-087,20240936,140,63,77,0,0,1.0,0.45,2532.8
EXP-087,20240937,140,74,66,0,0,1.0,0.529,2521.1
EXP-087,20240938,140,77,63,0,0,1.0,0.55,2522.2
EXP-087,20240939,140,67,73,0,0,1.0,0.479,2521.8
EXP-087,20240940,140,72,68,0,0,1.0,0.514,2549.1
EXP-087,20240941,140,70,70,0,0,1.0,0.5,2551.1
EXP-087,20240942,140,68,72,0,0,1.0,0.486,2552.7
EXP-088,20240923,140,140,0,0,0,1.0,1.0,1611.9
EXP-088,20240924,140,108,32,0,0,1.0,0.771,1857.6
EXP-088,20240925,140,108,32,0,0,1.0,0.771,1906.4
EXP-088,20240926,140,108,32,0,0,1.0,0.771,1943.9
EXP-088,20240927,140,108,32,0,0,1.0,0.771,1889.6
EXP-088,20240928,140,108,32,0,0,1.0,0.771,1845.3
EXP-088,20240929,140,108,32,0,0,1.0,0.771,1959.4
EXP-088,20240930,140,108,32,0,0,1.0,0.771,1962.0
EXP-088,20240931,140,108,32,0,0,1.0,0.771,1874.8
EXP-088,20240932,140,108,32,0,0,1.0,0.771,1957.9
EXP-088,20240933,140,108,32,0,0,1.0,0.771,1872.3
EXP-088,20240934,140,108,32,0,0,1.0,0.771,1782.8
EXP-088,20240935,140,108,32,0,0,1.0,0.771,1924.2
EXP-088,20240936,140,108,32,0,0,1.0,0.771,1798.7
EXP-088,20240937,140,108,32,0,0,1.0,0.771,1785.1
EXP-088,20240938,140,108,32,0,0,1.0,0.771,1913.6
EXP-088,20240939,140,108,32,0,0,1.0,0.771,1892.1
EXP-088,20240940,140,108,32,0,0,1.0,0.771,1935.1
EXP-088,20240941,140,108,32,0,0,1.0,0.771,1938.0
EXP-088,20240942,140,108,32,0,0,1.0,0.771,1824.1
EXP-089,20240923,140,129,11,0,0,1.0,0.921,1023.1
EXP-089,20240924,140,125,15,0,0,1.0,0.893,855.7
EXP-089,20240925,140,131,9,0,0,1.0,0.936,891.1
EXP-089,20240926,140,132,8,0,0,1.0,0.943,910.2
EXP-089,20240927,140,130,10,0,0,1.0,0.929,876.1
EXP-089,20240928,140,134,6,0,0,1.0,0.957,916.7
EXP-089,20240929,140,132,8,0,0,1.0,0.943,917.5
EXP-089,20240930,140,133,7,0,0,1.0,0.95,920.6
EXP-089,20240931,140,126,14,0,0,1.0,0.9,877.0
EXP-089,20240932,140,133,7,0,0,1.0,0.95,921.8
EXP-089,20240933,140,127,13,0,0,1.0,0.907,871.4
EXP-089,20240934,140,127,13,0,0,1.0,0.907,869.8
EXP-089,20240935,140,131,9,0,0,1.0,0.936,893.1
EXP-089,20240936,140,129,11,0,0,1.0,0.921,884.7
EXP-089,20240937,140,128,12,0,0,1.0,0.914,887.0
EXP-089,20240938,140,127,13,0,0,1.0,0.907,882.9
EXP-089,20240939,140,129,11,0,0,1.0,0.921,885.0
EXP-089,20240940,140,132,8,0,0,1.0,0.943,901.8
EXP-089,20240941,140,131,9,0,0,1.0,0.936,896.4
EXP-089,20240942,140,132,8,0,0,1.0,0.943,907.2
EXP-090,20240923,140,140,0,0,0,1.0,1.0,310.4
EXP-090,20240924,140,140,0,0,0,1.0,1.0,298.6
EXP-090,20240925,140,140,0,0,0,1.0,1.0,311.3
EXP-090,20240926,140,140,0,0,0,1.0,1.0,321.1
EXP-090,20240927,140,140,0,0,0,1.0,1.0,301.0
EXP-090,20240928,140,140,0,0,0,1.0,1.0,316.1
EXP-090,20240929,140,140,0,0,0,1.0,1.0,324.6
EXP-090,20240930,140,140,0,0,0,1.0,1.0,320.9
EXP-090,20240931,140,140,0,0,0,1.0,1.0,303.0
EXP-090,20240932,140,140,0,0,0,1.0,1.0,325.5
EXP-090,20240933,140,140,0,0,0,1.0,1.0,299.4
EXP-090,20240934,140,140,0,0,0,1.0,1.0,307.4
EXP-090,20240935,140,140,0,0,0,1.0,1.0,311.1
EXP-090,20240936,140,140,0,0,0,1.0,1.0,303.5
EXP-090,20240937,140,140,0,0,0,1.0,1.0,315.4
EXP-090,20240938,140,140,0,0,0,1.0,1.0,313.1
EXP-090,20240939,140,140,0,0,0,1.0,1.0,303.6
EXP-090,20240940,140,140,0,0,0,1.0,1.0,315.4
EXP-090,20240941,140,140,0,0,0,1.0,1.0,316.8
EXP-090,20240942,140,140,0,0,0,1.0,1.0,313.1
EXP-091,20240923,240,234,6,0,0,1.0,0.975,800.1
EXP-091,20240924,240,234,6,0,0,1.0,0.975,775.5
EXP-091,20240925,240,234,6,0,0,1.0,0.975,813.0
EXP-091,20240926,240,234,6,0,0,1.0,0.975,778.6
EXP-091,20240927,240,234,6,0,0,1.0,0.975,852.6
EXP-091,20240928,240,234,6,0,0,1.0,0.975,824.7
EXP-091,20240929,240,234,6,0,0,1.0,0.975,778.5
EXP-091,20240930,240,234,6,0,0,1.0,0.975,805.5
EXP-091,20240931,240,234,6,0,0,1.0,0.975,764.2
EXP-091,20240932,240,234,6,0,0,1.0,0.975,807.0
EXP-091,20240933,240,234,6,0,0,1.0,0.975,791.0
EXP-091,20240934,240,234,6,0,0,1.0,0.975,768.7
EXP-091,20240935,240,234,6,0,0,1.0,0.975,778.4
EXP-091,20240936,240,234,6,0,0,1.0,0.975,802.3
EXP-091,20240937,240,234,6,0,0,1.0,0.975,764.0
EXP-091,20240938,240,234,6,0,0,1.0,0.975,783.2
EXP-091,20240939,240,234,6,0,0,1.0,0.975,856.2
EXP-091,20240940,240,234,6,0,0,1.0,0.975,818.2
EXP-091,20240941,240,234,6,0,0,1.0,0.975,775.1
EXP-091,20240942,240,234,6,0,0,1.0,0.975,819.3
EXP-092,20240923,240,240,0,0,0,1.0,1.0,944.4
EXP-092,20240924,240,240,0,0,0,1.0,1.0,935.0
EXP-092,20240925,240,240,0,0,0,1.0,1.0,958.5
EXP-092,20240926,240,240,0,0,0,1.0,1.0,927.0
EXP-092,20240927,240,240,0,0,0,1.0,1.0,1047.0
EXP-092,20240928,240,240,0,0,0,1.0,1.0,974.1
EXP-092,20240929,240,240,0,0,0,1.0,1.0,935.2
EXP-092,20240930,240,240,0,0,0,1.0,1.0,946.4
EXP-092,20240931,240,240,0,0,0,1.0,1.0,930.2
EXP-092,20240932,240,240,0,0,0,1.0,1.0,941.2
EXP-092,20240933,240,240,0,0,0,1.0,1.0,970.8
EXP-092,20240934,240,240,0,0,0,1.0,1.0,888.8
EXP-092,20240935,240,240,0,0,0,1.0,1.0,933.8
EXP-092,20240936,240,240,0,0,0,1.0,1.0,941.5
EXP-092,20240937,240,240,0,0,0,1.0,1.0,874.8
EXP-092,20240938,240,240,0,0,0,1.0,1.0,933.1
EXP-092,20240939,240,240,0,0,0,1.0,1.0,1026.5
EXP-092,20240940,240,240,0,0,0,1.0,1.0,1006.8
EXP-092,20240941,240,240,0,0,0,1.0,1.0,946.4
EXP-092,20240942,240,240,0,0,0,1.0,1.0,960.3
EXP-093,20240923,140,140,0,0,0,1.0,1.0,296.1
EXP-093,20240924,140,140,0,0,0,1.0,1.0,284.6
EXP-093,20240925,140,140,0,0,0,1.0,1.0,297.9
EXP-093,20240926,140,140,0,0,0,1.0,1.0,306.6
EXP-093,20240927,140,140,0,0,0,1.0,1.0,288.5
EXP-093,20240928,140,140,0,0,0,1.0,1.0,303.3
EXP-093,20240929,140,140,0,0,0,1.0,1.0,309.6
EXP-093,20240930,140,140,0,0,0,1.0,1.0,306.7
EXP-093,20240931,140,140,0,0,0,1.0,1.0,288.7
EXP-093,20240932,140,140,0,0,0,1.0,1.0,310.7
EXP-093,20240933,140,140,0,0,0,1.0,1.0,285.9
EXP-093,20240934,140,140,0,0,0,1.0,1.0,292.9
EXP-093,20240935,140,140,0,0,0,1.0,1.0,297.4
EXP-093,20240936,140,140,0,0,0,1.0,1.0,290.1
EXP-093,20240937,140,140,0,0,0,1.0,1.0,300.0
EXP-093,20240938,140,140,0,0,0,1.0,1.0,298.5
EXP-093,20240939,140,140,0,0,0,1.0,1.0,289.1
EXP-093,20240940,140,140,0,0,0,1.0,1.0,301.6
EXP-093,20240941,140,140,0,0,0,1.0,1.0,302.6
EXP-093,20240942,140,140,0,0,0,1.0,1.0,299.6
EXP-094,20240923,60,56,4,0,0,1.0,0.933,3401.7
EXP-094,20240924,60,56,4,0,0,1.0,0.933,2276.7
EXP-094,20240925,60,56,4,0,0,1.0,0.933,2677.7
EXP-094,20240926,60,57,3,0,0,1.0,0.95,2846.5
EXP-094,20240927,60,57,3,0,0,1.0,0.95,3336.2
EXP-094,20240928,60,57,3,0,0,1.0,0.95,2305.3
EXP-094,20240929,60,55,5,0,0,1.0,0.917,2776.8
EXP-094,20240930,60,57,3,0,0,1.0,0.95,2834.0
EXP-094,20240931,60,54,6,0,0,1.0,0.9,2227.0
EXP-094,20240932,60,59,1,0,0,1.0,0.983,2456.5
EXP-094,20240933,60,56,4,0,0,1.0,0.933,2304.7
EXP-094,20240934,60,53,7,0,0,1.0,0.883,3267.7
EXP-094,20240935,60,60,0,0,0,1.0,1.0,2479.0
EXP-094,20240936,60,56,4,0,0,1.0,0.933,2314.3
EXP-094,20240937,60,54,6,0,0,1.0,0.9,3276.5
EXP-094,20240938,60,57,3,0,0,1.0,0.95,2390.5
EXP-094,20240939,60,53,7,0,0,1.0,0.883,2161.8
EXP-094,20240940,60,57,3,0,0,1.0,0.95,2361.8
EXP-094,20240941,60,55,5,0,0,1.0,0.917,2796.3
EXP-094,20240942,60,56,4,0,0,1.0,0.933,2308.7
EXP-095,20240923,240,69,171,0,0,1.0,0.287,5636.5
EXP-095,20240924,240,81,159,0,0,1.0,0.338,4938.6
EXP-095,20240925,240,76,164,0,0,1.0,0.317,5474.3
EXP-095,20240926,240,94,146,0,0,1.0,0.392,4823.8
EXP-095,20240927,240,78,162,0,0,1.0,0.325,5464.6
EXP-095,20240928,240,78,162,0,0,1.0,0.325,5287.9
EXP-095,20240929,240,92,148,0,0,1.0,0.383,4856.3
EXP-095,20240930,240,91,149,0,0,1.0,0.379,5034.0
EXP-095,20240931,240,90,150,0,0,1.0,0.375,4645.0
EXP-095,20240932,240,92,148,0,0,1.0,0.383,5001.0
EXP-095,20240933,240,79,161,0,0,1.0,0.329,5077.4
EXP-095,20240934,240,91,149,0,0,1.0,0.379,4784.4
EXP-095,20240935,240,84,156,0,0,1.0,0.35,4844.8
EXP-095,20240936,240,82,158,0,0,1.0,0.342,5152.2
EXP-095,20240937,240,92,148,0,0,1.0,0.383,4716.1
EXP-095,20240938,240,86,154,0,0,1.0,0.358,4848.5
EXP-095,20240939,240,70,170,0,0,1.0,0.292,5587.9
EXP-095,20240940,240,84,156,0,0,1.0,0.35,5159.9
EXP-095,20240941,240,87,153,0,0,1.0,0.362,4914.8
EXP-095,20240942,240,89,151,0,0,1.0,0.371,5066.9
EXP-096,20240923,240,100,140,0,0,1.0,0.417,1315.5
EXP-096,20240924,240,104,136,0,0,1.0,0.433,1275.4
EXP-096,20240925,240,99,141,0,0,1.0,0.412,1320.9
EXP-096,20240926,240,110,130,0,0,1.0,0.458,1223.8
EXP-096,20240927,240,88,152,0,0,1.0,0.367,1356.2
EXP-096,20240928,240,93,147,0,0,1.0,0.388,1323.2
EXP-096,20240929,240,109,131,0,0,1.0,0.454,1258.1
EXP-096,20240930,240,103,137,0,0,1.0,0.429,1298.0
EXP-096,20240931,240,111,129,0,0,1.0,0.463,1220.3
EXP-096,20240932,240,103,137,0,0,1.0,0.429,1270.4
EXP-096,20240933,240,100,140,0,0,1.0,0.417,1283.0
EXP-096,20240934,240,111,129,0,0,1.0,0.463,1237.6
EXP-096,20240935,240,105,135,0,0,1.0,0.438,1221.1
EXP-096,20240936,240,99,141,0,0,1.0,0.412,1302.9
EXP-096,20240937,240,112,128,0,0,1.0,0.467,1218.8
EXP-096,20240938,240,105,135,0,0,1.0,0.438,1222.4
EXP-096,20240939,240,84,156,0,0,1.0,0.35,1383.0
EXP-096,20240940,240,97,143,0,0,1.0,0.404,1291.4
EXP-096,20240941,240,107,133,0,0,1.0,0.446,1241.8
EXP-096,20240942,240,99,141,0,0,1.0,0.412,1286.8
