条件,seed,自救率,救援率,受困率,死亡率,死亡人数,撤离中位时间_min
0%,20241001,0.55,0.45,0.0,0.0,0,23.83
0%,20241002,0.536,0.464,0.0,0.0,0,23.83
0%,20241003,0.6,0.4,0.0,0.0,0,23.66
25%,20241001,0.686,0.314,0.0,0.0,0,24.75
25%,20241002,0.929,0.071,0.0,0.0,0,24.83
25%,20241003,0.929,0.071,0.0,0.0,0,24.83
50%,20241001,0.914,0.086,0.0,0.0,0,24.83
50%,20241002,0.929,0.071,0.0,0.0,0,24.41
50%,20241003,0.929,0.071,0.0,0.0,0,24.33
75%,20241001,0.914,0.086,0.0,0.0,0,24.41
75%,20241002,0.921,0.079,0.0,0.0,0,24.33
75%,20241003,0.929,0.071,0.0,0.0,0,24.33
100%,20241001,0.914,0.086,0.0,0.0,0,24.33
100%,20241002,0.929,0.071,0.0,0.0,0,24.33
100%,20241003,0.929,0.071,0.0,0.0,0,24.33
