B系数,seed,自救率,救援率,受困率,死亡率,死亡人数,撤离中位时间_min
0.0,20241001,0.338,0.662,0.0,0.0,0,13.5
0.0,20241002,0.317,0.683,0.0,0.0,0,13.5
0.0,20241003,0.321,0.679,0.0,0.0,0,13.5
0.1,20241001,0.338,0.662,0.0,0.0,0,13.5
0.1,20241002,0.317,0.683,0.0,0.0,0,13.5
0.1,20241003,0.321,0.679,0.0,0.0,0,13.5
0.2,20241001,0.425,0.575,0.0,0.0,0,13.67
0.2,20241002,0.375,0.625,0.0,0.0,0,13.67
0.2,20241003,0.417,0.583,0.0,0.0,0,14.33
0.3,20241001,0.233,0.767,0.0,0.0,0,13.0
0.3,20241002,0.192,0.808,0.0,0.0,0,13.0
0.3,20241003,0.167,0.833,0.0,0.0,0,13.17
0.4,20241001,0.0,1.0,0.0,0.0,0,
0.4,20241002,0.0,1.0,0.0,0.0,0,
0.4,20241003,0.0,1.0,0.0,0.0,0,
0.5,20241001,0.0,1.0,0.0,0.0,0,
0.5,20241002,0.0,1.0,0.0,0.0,0,
0.5,20241003,0.0,1.0,0.0,0.0,0,
0.7,20241001,0.0,0.425,0.0,0.575,138,
0.7,20241002,0.0,0.375,0.0,0.625,150,
0.7,20241003,0.0,0.467,0.0,0.533,128,
0.9,20241001,0.0,0.425,0.0,0.575,138,
0.9,20241002,0.0,0.375,0.0,0.625,150,
0.9,20241003,0.0,0.467,0.0,0.533,128,
