cid,引擎,启发式均值,真实均值,真实区间,差
EXP-001,deepseek,0.569,1.0,1.00–1.00,0.431
EXP-005,deepseek,0.975,1.0,1.00–1.00,0.025
EXP-007,deepseek,0.352,0.989,0.98–0.99,0.637
EXP-014,deepseek,0.88,1.0,1.00–1.00,0.12
EXP-021,deepseek,0.352,1.0,1.00–1.00,0.648
EXP-022,deepseek,1.0,1.0,1.00–1.00,0.0
EXP-025,deepseek,0.43,0.979,0.96–0.99,0.549
EXP-028,deepseek,0.771,1.0,1.00–1.00,0.229
EXP-029,deepseek,0.567,1.0,1.00–1.00,0.433
EXP-033,deepseek,1.0,1.0,1.00–1.00,0.0
EXP-036,deepseek,1.0,1.0,1.00–1.00,0.0
EXP-037,deepseek,0.92,0.999,0.99–1.00,0.079
EXP-039,deepseek,0.89,1.0,1.00–1.00,0.11
EXP-041,deepseek,0.432,1.0,1.00–1.00,0.568
EXP-045,deepseek,0.964,1.0,1.00–1.00,0.036
EXP-049,deepseek,0.923,1.0,1.00–1.00,0.077
EXP-050,deepseek,1.0,1.0,1.00–1.00,0.0
EXP-055,deepseek,1.0,1.0,1.00–1.00,0.0
EXP-063,deepseek,1.0,1.0,1.00–1.00,0.0
EXP-071,deepseek,1.0,1.0,1.00–1.00,0.0
EXP-088,deepseek,0.771,1.0,1.00–1.00,0.229
EXP-090,deepseek,1.0,1.0,1.00–1.00,0.0
EXP-092,deepseek,1.0,1.0,1.00–1.00,0.0
EXP-095,deepseek,0.325,0.978,0.97–0.99,0.653
EXP-096,deepseek,0.432,0.923,0.88–0.95,0.491
EXP-001,qwen,0.569,0.85,0.81–0.89,0.281
EXP-005,qwen,0.975,0.975,0.97–0.97,0.0
EXP-007,qwen,0.352,0.862,0.82–0.91,0.51
EXP-014,qwen,0.88,1.0,1.00–1.00,0.12
EXP-021,qwen,0.352,1.0,1.00–1.00,0.648
EXP-022,qwen,1.0,1.0,1.00–1.00,0.0
EXP-025,qwen,0.43,0.695,0.59–0.76,0.265
EXP-028,qwen,0.771,1.0,1.00–1.00,0.229
EXP-029,qwen,0.567,0.853,0.80–0.93,0.286
EXP-033,qwen,1.0,1.0,1.00–1.00,0.0
EXP-036,qwen,1.0,1.0,1.00–1.00,0.0
EXP-037,qwen,0.92,0.986,0.96–1.00,0.065
EXP-039,qwen,0.89,0.999,1.00–1.00,0.109
EXP-041,qwen,0.432,0.99,0.96–1.00,0.558
EXP-045,qwen,0.964,0.969,0.92–1.00,0.006
EXP-049,qwen,0.923,0.986,0.91–1.00,0.063
EXP-050,qwen,1.0,1.0,1.00–1.00,0.0
EXP-055,qwen,1.0,1.0,1.00–1.00,0.0
EXP-063,qwen,1.0,1.0,1.00–1.00,0.0
EXP-071,qwen,1.0,1.0,1.00–1.00,0.0
EXP-088,qwen,0.771,1.0,1.00–1.00,0.229
EXP-090,qwen,1.0,1.0,1.00–1.00,0.0
EXP-092,qwen,1.0,0.947,0.89–0.97,0.053
EXP-095,qwen,0.325,0.771,0.71–0.82,0.446
EXP-096,qwen,0.432,0.664,0.62–0.69,0.232
