cid,heur_mean,heur_sd,heur_bootCI,deepseek_mean,deepseek_z,deepseek_in_1SD,deepseek_in_bootCI,qwen_mean,qwen_z,qwen_in_1SD,qwen_in_bootCI
EXP-001,0.571,0.033,"[0.56,0.59]",1.0,12.84,False,False,0.85,8.35,False,False
EXP-005,0.973,0.006,"[0.97,0.98]",1.0,4.61,False,False,0.975,0.29,True,True
EXP-007,0.353,0.035,"[0.34,0.37]",0.989,18.38,False,False,0.862,14.7,False,False
EXP-014,0.887,0.02,"[0.88,0.90]",1.0,5.6,False,False,1.0,5.6,False,False
EXP-021,0.353,0.035,"[0.34,0.37]",1.0,18.69,False,False,1.0,18.69,False,False
EXP-022,1.0,0.0,"[1.00,1.00]",1.0,,,True,1.0,,,True
EXP-025,0.424,0.037,"[0.41,0.44]",0.979,14.89,False,False,0.695,7.28,False,False
EXP-028,0.782,0.051,"[0.77,0.81]",1.0,4.25,False,False,1.0,4.25,False,False
EXP-029,0.579,0.066,"[0.55,0.61]",1.0,6.37,False,False,0.853,4.14,False,False
EXP-033,1.0,0.0,"[1.00,1.00]",1.0,,,True,1.0,,,True
EXP-036,1.0,0.0,"[1.00,1.00]",1.0,,,True,1.0,,,True
EXP-037,0.928,0.019,"[0.92,0.94]",0.999,3.81,False,False,0.986,3.11,False,False
EXP-039,0.906,0.017,"[0.90,0.91]",1.0,5.53,False,False,0.999,5.49,False,False
EXP-041,0.425,0.032,"[0.41,0.44]",1.0,18.24,False,False,0.99,17.91,False,False
EXP-045,0.966,0.05,"[0.94,0.99]",1.0,0.68,True,False,0.969,0.07,True,True
EXP-049,0.928,0.019,"[0.92,0.94]",1.0,3.88,False,False,0.986,3.11,False,False
EXP-050,1.0,0.0,"[1.00,1.00]",1.0,,,True,1.0,,,True
EXP-055,1.0,0.0,"[1.00,1.00]",1.0,,,True,1.0,,,True
EXP-063,1.0,0.0,"[1.00,1.00]",1.0,,,True,1.0,,,True
EXP-071,1.0,0.0,"[1.00,1.00]",1.0,,,True,1.0,,,True
EXP-088,0.782,0.051,"[0.77,0.81]",1.0,4.25,False,False,1.0,4.25,False,False
EXP-090,1.0,0.0,"[1.00,1.00]",1.0,,,True,1.0,,,True
EXP-092,1.0,0.0,"[1.00,1.00]",1.0,,,True,0.947,,,False
EXP-095,0.351,0.031,"[0.34,0.36]",0.978,20.22,False,False,0.771,13.53,False,False
EXP-096,0.425,0.032,"[0.41,0.44]",0.923,15.8,False,False,0.664,7.58,False,False
