base,family,证据等级,说明,seed,n,自救率,救援率,受困率,死亡率,死亡人数
EXP-096,F0_基线(一干一湿+正常救援),A,原始设定：B支路恒干、救援正常,20241001,240,0.425,0.575,0.0,0.0,0
EXP-096,F0_基线(一干一湿+正常救援),A,原始设定：B支路恒干、救援正常,20241002,240,0.375,0.625,0.0,0.0,0
EXP-096,F0_基线(一干一湿+正常救援),A,原始设定：B支路恒干、救援正常,20241003,240,0.467,0.533,0.0,0.0,0
EXP-096,F1_B支路半淹(正常救援),B,第二水源中等强度,20241001,240,0.0,1.0,0.0,0.0,0
EXP-096,F1_B支路半淹(正常救援),B,第二水源中等强度,20241002,240,0.0,1.0,0.0,0.0,0
EXP-096,F1_B支路半淹(正常救援),B,第二水源中等强度,20241003,240,0.0,1.0,0.0,0.0,0
EXP-096,F2_B支路全淹(正常救援),A,多水源/双向漫溢,20241001,240,0.0,0.425,0.0,0.575,138
EXP-096,F2_B支路全淹(正常救援),A,多水源/双向漫溢,20241002,240,0.0,0.375,0.0,0.625,150
EXP-096,F2_B支路全淹(正常救援),A,多水源/双向漫溢,20241003,240,0.0,0.467,0.0,0.533,128
EXP-096,F3_全淹+风亭(正常救援),B,多水源含风亭,20241001,240,0.0,0.425,0.0,0.575,138
EXP-096,F3_全淹+风亭(正常救援),B,多水源含风亭,20241002,240,0.0,0.375,0.0,0.625,150
EXP-096,F3_全淹+风亭(正常救援),B,多水源含风亭,20241003,240,0.0,0.467,0.0,0.533,128
EXP-096,F4_全淹+救援延迟受限,A,救援延迟且涉水/楼梯受限,20241001,240,0.0,0.0,0.0,1.0,240
EXP-096,F4_全淹+救援延迟受限,A,救援延迟且涉水/楼梯受限,20241002,240,0.0,0.0,0.0,1.0,240
EXP-096,F4_全淹+救援延迟受限,A,救援延迟且涉水/楼梯受限,20241003,240,0.0,0.0,0.0,1.0,240
EXP-096,F5_全淹+无救援,A,救援不可达(最坏),20241001,240,0.0,0.0,0.0,1.0,240
EXP-096,F5_全淹+无救援,A,救援不可达(最坏),20241002,240,0.0,0.0,0.0,1.0,240
EXP-096,F5_全淹+无救援,A,救援不可达(最坏),20241003,240,0.0,0.0,0.0,1.0,240
EXP-096,F6_一干一湿+无救援,A,B支路恒干但无救援(检验救援必要性),20241001,240,0.425,0.0,0.029,0.546,131
EXP-096,F6_一干一湿+无救援,A,B支路恒干但无救援(检验救援必要性),20241002,240,0.375,0.0,0.021,0.604,145
EXP-096,F6_一干一湿+无救援,A,B支路恒干但无救援(检验救援必要性),20241003,240,0.467,0.0,0.021,0.512,123
EXP-095,F0_基线(一干一湿+正常救援),A,原始设定：B支路恒干、救援正常,20241001,240,0.338,0.662,0.0,0.0,0
EXP-095,F0_基线(一干一湿+正常救援),A,原始设定：B支路恒干、救援正常,20241002,240,0.317,0.683,0.0,0.0,0
EXP-095,F0_基线(一干一湿+正常救援),A,原始设定：B支路恒干、救援正常,20241003,240,0.321,0.679,0.0,0.0,0
EXP-095,F1_B支路半淹(正常救援),B,第二水源中等强度,20241001,240,0.0,1.0,0.0,0.0,0
EXP-095,F1_B支路半淹(正常救援),B,第二水源中等强度,20241002,240,0.0,1.0,0.0,0.0,0
EXP-095,F1_B支路半淹(正常救援),B,第二水源中等强度,20241003,240,0.0,1.0,0.0,0.0,0
EXP-095,F2_B支路全淹(正常救援),A,多水源/双向漫溢,20241001,240,0.0,0.425,0.0,0.575,138
EXP-095,F2_B支路全淹(正常救援),A,多水源/双向漫溢,20241002,240,0.0,0.375,0.0,0.625,150
EXP-095,F2_B支路全淹(正常救援),A,多水源/双向漫溢,20241003,240,0.0,0.467,0.0,0.533,128
EXP-095,F3_全淹+风亭(正常救援),B,多水源含风亭,20241001,240,0.0,0.425,0.0,0.575,138
EXP-095,F3_全淹+风亭(正常救援),B,多水源含风亭,20241002,240,0.0,0.375,0.0,0.625,150
EXP-095,F3_全淹+风亭(正常救援),B,多水源含风亭,20241003,240,0.0,0.467,0.0,0.533,128
EXP-095,F4_全淹+救援延迟受限,A,救援延迟且涉水/楼梯受限,20241001,240,0.0,0.0,0.0,1.0,240
EXP-095,F4_全淹+救援延迟受限,A,救援延迟且涉水/楼梯受限,20241002,240,0.0,0.0,0.0,1.0,240
EXP-095,F4_全淹+救援延迟受限,A,救援延迟且涉水/楼梯受限,20241003,240,0.0,0.0,0.0,1.0,240
EXP-095,F5_全淹+无救援,A,救援不可达(最坏),20241001,240,0.0,0.0,0.0,1.0,240
EXP-095,F5_全淹+无救援,A,救援不可达(最坏),20241002,240,0.0,0.0,0.0,1.0,240
EXP-095,F5_全淹+无救援,A,救援不可达(最坏),20241003,240,0.0,0.0,0.0,1.0,240
EXP-095,F6_一干一湿+无救援,A,B支路恒干但无救援(检验救援必要性),20241001,240,0.338,0.0,0.0,0.575,138
EXP-095,F6_一干一湿+无救援,A,B支路恒干但无救援(检验救援必要性),20241002,240,0.317,0.0,0.013,0.613,147
EXP-095,F6_一干一湿+无救援,A,B支路恒干但无救援(检验救援必要性),20241003,240,0.321,0.0,0.008,0.525,126
