cid,进水位置,d_peak,rise_rate,alarm_min,has_alarm,exit_width,rescue_min,fam_frac,n_scenario,积水速率,人群密度,播报时机,闸机管控,峰值水深m
EXP-001,gate_A,1.8,0.04,40,True,4.0,35,0.2,140,中,1.2,晚,常开,1.8
EXP-002,gate_A,1.8,0.04,120,False,0.8,20,0.6,140,中,1.2,无,人工,1.8
EXP-003,interval,0.6,0.03,40,True,0.8,50,0.6,140,快,1.2,晚,人工,0.6
EXP-004,gate_A,1.8,0.02,40,True,4.0,35,0.2,240,慢,2.0,晚,常开,1.8
EXP-005,wind,1.2,0.027,10,True,0.8,50,0.4,240,中,2.0,早,人工,1.2
EXP-006,gate_A,1.8,0.02,120,False,0.8,50,0.2,60,慢,0.5,无,人工,1.8
EXP-007,gate_A,1.8,0.09,120,False,4.0,20,0.6,140,快,1.2,无,常开,1.8
EXP-008,interval,1.2,0.06,10,True,0.8,35,0.4,60,快,0.5,早,人工,1.2
EXP-009,gate_A,0.6,0.007,120,False,0.8,50,0.6,60,慢,0.5,无,人工,0.6
EXP-010,interval,1.8,0.04,10,True,4.0,50,0.2,60,中,0.5,早,常开,1.8
EXP-011,interval,1.2,0.013,10,True,0.8,50,0.4,240,慢,2.0,早,人工,1.2
EXP-012,wind,1.2,0.027,40,True,0.8,20,0.4,60,中,0.5,晚,人工,1.2
EXP-013,interval,1.8,0.04,10,True,4.0,20,0.6,60,中,0.5,早,常开,1.8
EXP-014,wind,1.2,0.013,120,False,0.8,35,0.6,140,慢,1.2,无,人工,1.2
EXP-015,gate_A,0.6,0.007,40,True,0.8,50,0.6,240,慢,2.0,晚,人工,0.6
EXP-016,wind,1.2,0.06,120,False,4.0,50,0.6,140,快,1.2,无,常开,1.2
EXP-017,interval,1.2,0.027,10,True,4.0,20,0.6,240,中,2.0,早,常开,1.2
EXP-018,interval,1.2,0.027,40,True,0.8,35,0.4,140,中,1.2,晚,人工,1.2
EXP-019,interval,1.2,0.06,40,True,0.8,20,0.4,140,快,1.2,晚,人工,1.2
EXP-020,wind,1.8,0.02,40,True,4.0,35,0.2,240,慢,2.0,晚,常开,1.8
EXP-021,gate_A,1.2,0.06,120,False,4.0,50,0.4,140,快,1.2,无,常开,1.2
EXP-022,wind,0.6,0.007,10,True,4.0,50,0.2,60,慢,0.5,早,常开,0.6
EXP-023,gate_A,0.6,0.03,120,False,4.0,50,0.4,60,快,0.5,无,常开,0.6
EXP-024,gate_A,1.2,0.013,10,True,4.0,20,0.2,60,慢,0.5,早,常开,1.2
EXP-025,gate_A,1.8,0.09,40,True,0.8,35,0.2,140,快,1.2,晚,人工,1.8
EXP-026,wind,1.2,0.013,40,True,0.8,50,0.2,140,慢,1.2,晚,人工,1.2
EXP-027,gate_A,1.2,0.013,40,True,0.8,20,0.6,240,慢,2.0,晚,人工,1.2
EXP-028,gate_A,0.6,0.013,40,True,4.0,35,0.6,140,中,1.2,晚,常开,0.6
EXP-029,wind,1.8,0.04,40,True,4.0,20,0.2,60,中,0.5,晚,常开,1.8
EXP-030,wind,0.6,0.007,40,True,4.0,20,0.4,60,慢,0.5,晚,常开,0.6
EXP-031,gate_A,1.8,0.04,10,True,0.8,35,0.4,60,中,0.5,早,人工,1.8
EXP-032,interval,0.6,0.03,40,True,4.0,50,0.2,60,快,0.5,晚,常开,0.6
EXP-033,interval,1.8,0.02,40,True,0.8,50,0.4,60,慢,0.5,晚,人工,1.8
EXP-034,gate_A,1.2,0.013,120,False,0.8,20,0.6,240,慢,2.0,无,人工,1.2
EXP-035,wind,1.8,0.04,10,True,0.8,35,0.6,60,中,0.5,早,人工,1.8
EXP-036,gate_A,1.8,0.09,10,True,4.0,35,0.4,140,快,1.2,早,常开,1.8
EXP-037,interval,1.2,0.027,120,False,4.0,35,0.2,140,中,1.2,无,常开,1.2
EXP-038,wind,1.2,0.06,120,False,4.0,50,0.2,60,快,0.5,无,常开,1.2
EXP-039,interval,0.6,0.013,120,False,0.8,50,0.6,240,中,2.0,无,人工,0.6
EXP-040,gate_A,1.8,0.02,10,True,0.8,35,0.4,240,慢,2.0,早,人工,1.8
EXP-041,wind,1.2,0.06,40,True,4.0,50,0.4,240,快,2.0,晚,常开,1.2
EXP-042,interval,1.2,0.027,40,True,0.8,20,0.2,240,中,2.0,晚,人工,1.2
EXP-043,wind,0.6,0.007,40,True,4.0,35,0.2,240,慢,2.0,晚,常开,0.6
EXP-044,wind,1.2,0.027,10,True,0.8,50,0.2,140,中,1.2,早,人工,1.2
EXP-045,interval,1.2,0.027,40,True,0.8,50,0.2,60,中,0.5,晚,人工,1.2
EXP-046,gate_A,0.6,0.03,10,True,0.8,35,0.2,140,快,1.2,早,人工,0.6
EXP-047,interval,1.8,0.09,40,True,4.0,35,0.2,240,快,2.0,晚,常开,1.8
EXP-048,wind,1.8,0.02,120,False,4.0,35,0.6,240,慢,2.0,无,常开,1.8
EXP-049,wind,1.8,0.02,120,False,0.8,50,0.4,140,慢,1.2,无,人工,1.8
EXP-050,gate_A,1.2,0.06,10,True,4.0,50,0.4,140,快,1.2,早,常开,1.2
EXP-051,interval,1.8,0.02,40,True,4.0,35,0.2,140,慢,1.2,晚,常开,1.8
EXP-052,gate_A,1.8,0.02,10,True,0.8,20,0.6,60,慢,0.5,早,人工,1.8
EXP-053,wind,0.6,0.03,120,False,0.8,20,0.2,60,快,0.5,无,人工,0.6
EXP-054,gate_A,1.2,0.027,40,True,0.8,20,0.4,60,中,0.5,晚,人工,1.2
EXP-055,interval,0.6,0.013,10,True,0.8,50,0.4,140,中,1.2,早,人工,0.6
EXP-056,interval,0.6,0.007,10,True,0.8,20,0.6,240,慢,2.0,早,人工,0.6
EXP-057,interval,1.8,0.02,40,True,4.0,20,0.4,240,慢,2.0,晚,常开,1.8
EXP-058,wind,1.8,0.09,120,False,4.0,20,0.6,60,快,0.5,无,常开,1.8
EXP-059,interval,0.6,0.013,120,False,0.8,50,0.6,140,中,1.2,无,人工,0.6
EXP-060,interval,1.8,0.09,120,False,0.8,50,0.6,60,快,0.5,无,人工,1.8
EXP-061,gate_A,0.6,0.013,10,True,4.0,20,0.6,60,中,0.5,早,常开,0.6
EXP-062,gate_A,0.6,0.013,10,True,0.8,20,0.4,140,中,1.2,早,人工,0.6
EXP-063,wind,1.8,0.02,10,True,4.0,20,0.4,140,慢,1.2,早,常开,1.8
EXP-064,interval,1.2,0.06,40,True,0.8,20,0.6,240,快,2.0,晚,人工,1.2
EXP-065,interval,0.6,0.007,10,True,4.0,20,0.4,240,慢,2.0,早,常开,0.6
EXP-066,wind,0.6,0.013,120,False,4.0,50,0.2,60,中,0.5,无,常开,0.6
EXP-067,interval,0.6,0.013,10,True,0.8,35,0.2,140,中,1.2,早,人工,0.6
EXP-068,gate_A,1.2,0.013,120,False,0.8,35,0.6,240,慢,2.0,无,人工,1.2
EXP-069,wind,1.2,0.06,10,True,0.8,20,0.4,240,快,2.0,早,人工,1.2
EXP-070,interval,1.8,0.09,120,False,4.0,35,0.4,140,快,1.2,无,常开,1.8
EXP-071,wind,0.6,0.013,10,True,0.8,35,0.4,140,中,1.2,早,人工,0.6
EXP-072,interval,1.2,0.027,120,False,4.0,20,0.4,240,中,2.0,无,常开,1.2
EXP-073,wind,0.6,0.013,120,False,4.0,50,0.4,60,中,0.5,无,常开,0.6
EXP-074,wind,1.8,0.09,10,True,4.0,20,0.2,60,快,0.5,早,常开,1.8
EXP-075,interval,0.6,0.03,10,True,4.0,20,0.6,240,快,2.0,早,常开,0.6
EXP-076,interval,1.8,0.09,40,True,4.0,50,0.2,240,快,2.0,晚,常开,1.8
EXP-077,gate_A,0.6,0.007,10,True,4.0,50,0.2,140,慢,1.2,早,常开,0.6
EXP-078,gate_A,1.2,0.027,120,False,0.8,50,0.6,60,中,0.5,无,人工,1.2
EXP-079,wind,1.2,0.027,40,True,4.0,35,0.6,240,中,2.0,晚,常开,1.2
EXP-080,interval,1.8,0.09,40,True,4.0,35,0.4,60,快,0.5,晚,常开,1.8
EXP-081,gate_A,0.6,0.013,10,True,0.8,20,0.2,240,中,2.0,早,人工,0.6
EXP-082,interval,0.6,0.03,40,True,0.8,35,0.6,240,快,2.0,晚,人工,0.6
EXP-083,wind,1.8,0.02,120,False,0.8,35,0.4,60,慢,0.5,无,人工,1.8
EXP-084,wind,0.6,0.03,120,False,0.8,50,0.2,60,快,0.5,无,人工,0.6
EXP-085,gate_A,0.6,0.007,120,False,0.8,35,0.4,60,慢,0.5,无,人工,0.6
EXP-086,wind,1.2,0.013,120,False,4.0,20,0.2,240,慢,2.0,无,常开,1.2
EXP-087,gate_A,1.8,0.04,120,False,4.0,35,0.2,140,中,1.2,无,常开,1.8
EXP-088,interval,1.2,0.013,40,True,4.0,50,0.6,140,慢,1.2,晚,常开,1.2
EXP-089,gate_A,1.2,0.027,120,False,4.0,35,0.6,140,中,1.2,无,常开,1.2
EXP-090,wind,0.6,0.03,10,True,4.0,20,0.4,140,快,1.2,早,常开,0.6
EXP-091,gate_A,0.6,0.03,10,True,0.8,35,0.6,240,快,2.0,早,人工,0.6
EXP-092,interval,0.6,0.03,40,True,0.8,20,0.6,240,快,2.0,晚,人工,0.6
EXP-093,wind,1.2,0.013,10,True,4.0,50,0.4,140,慢,1.2,早,常开,1.2
EXP-094,wind,0.6,0.007,120,False,4.0,20,0.2,60,慢,0.5,无,常开,0.6
EXP-095,wind,1.8,0.09,120,False,4.0,35,0.2,240,快,2.0,无,常开,1.8
EXP-096,gate_A,1.8,0.09,40,True,0.8,35,0.6,240,快,2.0,晚,人工,1.8
